Image Name,Computed Full Hash,Extracted Full Hash,WM Present (Top Left),WM Present (Top Right),WM Present (Bottom Left),WM Present (Bottom Right),Total Hamming Distance,E2E_time,Fingerprinting_time,wm_time,ECC_time
1027_transformed.jpeg,1101010010101001100101010010100111010001101010101011010000101010101101010110001111010100111100101110100111001110011110100001100000001111011100111100000011110010111101001010011001100001011010110010110011001000000010101101100110110100100100111100110100110011,1101010010101001100101010010100111010001101010101011010000101010101101010110001111010100111100101110100111001110011110100001100000001111011100111100000011010010111101001010011101101001011010100010110011001000000010101101100110110100100100111100110100110011,True,True,False,True,4,0.0265917778015136,0.0113041400909423,0.0147111415863037,0.0005593299865722
162_transformed.jpeg,1010110111111100110011111011011000110100111110110100101100010011010010000011011000010010010100010100001100001101000000001111100001110001111001110001011000001000111001001100100011101010000000010111100100011111111101010110110110010111111110100011011100111000,1010110111111100110111111011011000110100111110110100101100010001010010000011011000010010010100110100001100001101000000001111100001110001111001110001011000001000111001001100100011101010000000010011100100011111111101010110110110010111111110100011011100111000,True,True,True,True,4,0.0332717895507812,0.0163278579711914,0.0164558887481689,0.0004699230194091
193_transformed.png,1100000100011101110111001100001100110110110111110011001100111100010011111110000111100000100111101001111100011001011000011110010101000100101001101000101000011001101100011110011000110111010001010100110010111001110000101100001010111001001011011000111100100100,1100000100011101110111001100001100110110110111110011001100111100010011111110000111100000100111101001111000011001011000011110010001001100101001101000101000011001101100011110011000110111010001010100110010111001110000101100001010111001001011011000111100110100,True,True,True,True,4,0.045802354812622,0.0323715209960937,0.0131080150604248,0.0003049373626708
566_transformed.jpeg,1001100111010100100110001001100101100100011010110110001101110011011010110011001110100100110001000110011010100101101001001010011001011110110011001010010011001101100110011001100101011011100110001001010011010010011110100011001110010001011010110110111010011001,1001100110010100100110001001100101100100011010110110001100110011011010110011001110100100110001000110011010100101101001001010011001011110110011001010010011001101100110011011100101011011100110001001010011010010011110110011001110010001011010110110111010011001,True,True,True,True,4,0.0260906219482421,0.0111796855926513,0.0145773887634277,0.0003166198730468
898_transformed.png,1000111000001001011100011100001010111111001101100011110011100010011001110001110110001000011100100111100100000110111011100001100010010001110001110111101111111100110001100111100110011000100011100111000101000001010101100010000010011000110111100110101100110111,1000111000001001011100011100001010111101001101100011110011100010011001110001110110001000011100100111100110000110111011100001100010010001110001110111101111111100110001100111100110011000100011100111000001000001010101100010000010011000110111100110101100111111,True,True,True,True,4,0.0339789390563964,0.0216782093048095,0.0119726657867431,0.0003108978271484
249_transformed.png,1001101000100001100101100110100101101110001010001001011011010100111001100101110011001011010000111100100011001101011110100110010001001001111101101100110001100011111001011011001011100010100111001001000111001010010011001010010111101101101101011010010100011001,1001101000100001100101100110100101101110001010001001011011010100111001100101110011001011010000111100100011001101011110100110010011001011011101101100110001100011111000011011001011100010100111001001000111001010010011001010010111101101101101011010010100011001,True,True,True,True,4,0.0967855453491211,0.0789084434509277,0.0174775123596191,0.0003812313079833
189_transformed.jpeg,1101100110010011100100100110010001101011101001101100110010110110100110100110010010011000101100010110001001100100100110000110000110011001101001100111011100100010010011001101101110001001011110111011001110101101011000111100101101100110011000110001011001101110,1101100110010011100100100110010001101011101001101100110010110110100110100110010010011000101100000110001001100100100110000110000110011001101001100111011000100010010011001101101110001101011110111011001110101101011010111100101101100110011000110001011001101110,True,True,True,True,4,0.0290491580963134,0.013207197189331,0.0155086517333984,0.0003156661987304
215_transformed.jpeg,1010001101101011110100010011010110110100010110001111111010010010111000110101011010000100101101011111111110100001010101010110100101101010001100100111000000111111010110000001011100110101011001000001011001101010001110100110111100110101000001010011111000001000,1010001101101011110100010011010110110100010110001111111010010010111000110101011010000100101101011111111110100001010101010110100101101010001100100101000100111111000110001001011100110101001001100001011001101010001110100110111100110101000001010011111000001000,True,True,False,True,6,0.035524845123291,0.0175807476043701,0.0173683166503906,0.0005574226379394
860_transformed.jpeg,1011011000100101101101100111001011011010111000000100110101100101111001001001101001100010110110101001100111001101100110000011011000111000001100001100110110010011011110001100111010000101100011100101001110011100101010011110110110011110001001100111101000011000,1011011000100101101101100111001011011010111000000100110101100001111001001001101001110010110110101001100111001101100110000011011000111000001100001100110110010011011110001100111010000101100011100101001110011100101010011110100110011110001001110111101000011000,True,True,True,True,4,0.0276992321014404,0.0119798183441162,0.0153799057006835,0.0003223419189453
152_transformed.jpeg,1110010100010010000110100110100100011000011001010110010110011100011110101101101111100110001100101011001101001001100110000110011000100101101110011100000110011010010011001100010101000110010010101001101101001110010101101110010101100110011100111011101110011011,11100101000100100001101001101001000110000110010101100101100111000111101011011011111001100011001010110011010011011001100001100110001001011011100111000001100110100100110011000001010001100100101000000001001101101001110010101101110010101100110011100111011101110011011,True,True,False,True,36,0.0324704647064209,0.0150256156921386,0.0167841911315917,0.0006434917449951
980_transformed.png,1000000100110001110011001101100100101001001001100111001011011011010011110010011010010000110101111101001100110001011111101110011101110011000110001100010001100011001110001000110111010001001101011100111101001011001101101010110001000010011100111000110011010011,1000000100110001110011001101100100101001001001110111001011011011010011110010011010010000110101111101001100110001011111101110011110110001000110001100010001100011001110001000110111010001001101011100111101001011001101101010110001000010011100111000110011010011,True,True,True,True,4,0.0589745044708251,0.0428502559661865,0.0157713890075683,0.0003352165222167
728_transformed.png,1000111000111111011000001010000100101001111000101001101101011100001100001010110101000001110001101100110111000110100110101110111100110011010110010101001010111111100011000001100110011101011100100111001011100101100001100100101110001000010111000111000110100111,1000111000111011011000001010000100101001111100101001101101011100001100001010110101000001110001101100110111000110100110101110111100110011010110010101001010111101100011000001100110011101011100100111001111100101100001100100101110001000010111000111000110100111,True,True,True,True,4,0.0575535297393798,0.042466402053833,0.0147547721862792,0.0003151893615722
285_transformed.jpeg,1000000000001011110100001111110001000111100001000111011111110011001111110111101010011001100111100110111110000101111001001111100011011000001001110101000100000010001100001001111101011100010001011101110000100001011000101011100010110001100111001101111101001100,1000000000001011110100001111110001000111100001000111011111110011001111110111101010011001110111100110110110000010001101010001000000100011000010011111010111000100010111011100001000010110101000111100101110011001100111111111010011000000111,True,False,True,False,73,0.0163555145263671,0.0040071010589599,0.0109872817993164,0.0013442039489746
705_transformed.jpeg,1100010001010111111001111110100110010011111001001001100011011110110110110011101001011001010100010001100010101010001110110011100011100011000000111000110011110100101010111010001000111101000001000100001011111101101010000010111000010001011000011100111101010111,1100010001010111111001111110100110010011111001001001110011001110110110110011001001011001010100010001100010101010001110110011100011100011000000111000110011110100101011111010001000111101000001000100001011111101101010000010111000110001011000011100111100010111,True,True,True,True,6,0.0226974487304687,0.0091779232025146,0.013127326965332,0.0003752708435058
251_transformed.jpeg,1011110101000101100111110000010101000010001100111110100111111110001110101110110001011000010011111110011101010001100010100001000111010000100011110111111110100110000101101010001011010101000100001001010100111101001000000110011100101011100000111010111010100101,1011110101000101100111110000000101000010001100111110100110111110001110101110110001011000010011111110011101010001100010100001000111010000100011110111111110100110000101101010001011010101000110001001010100111101001000000110011100101011110000111010111010100101,True,True,True,True,4,0.0191376209259033,0.0062644481658935,0.0122301578521728,0.0006260871887207
483_transformed.png,1010100000011010100101000011010010010101101100101110000000111101110110101110000111001011000010101010010101001000010000011110001101000110110011111011110100111101111101011101001001110110000111110011111110100010000000101101100001101011110101001010000000111111,1010100001011010100101000111000110010101101100101111100000111101110110101110000111001011000010101010010101001000010000011110001101000110110011111011010100111101111101011101001001110110000111110011111110100010000000101101100001101011110101001010000000111111,False,True,True,True,7,0.1071615219116211,0.0882728099822998,0.0181705951690673,0.0006985664367675
99_transformed.jpeg,1000000110001110101101001110000110011110011110001000111100001111110000011100001111000010011110001101001000111110110110001000011011001111000011111101010111000001110000010111000011100000011111101110000111110110111000010001100111101100000011011110011110001000,1100000110001110101101001110000110011110011110001000111100001111110000011100001111000010011110001101001000111110110110001000011011001111000011111101010111000001110000010111000011100000011111101110000111110110111010010001000111101100000011011010011110001000,True,True,True,True,4,0.0264081954956054,0.0117983818054199,0.0141816139221191,0.000411033630371
1339_transformed.jpeg,1011001111111000000010111111011100001101010100100010010101011000000010011110111100101101010010100010000101000000010111010100001001111101000000101110111100000010001111100010110111010111111111001000111111111010110101011011111110001001110000111000010000001100,1011001111111000000010111111011100001101010100100010010101011000000010011110111000101101010010100010000101000000010111010100001001111101000000101110111100000011001110100010110111010111111111001000111111111010110101011011111110001001110000111000010001001100,True,True,True,True,4,0.0333130359649658,0.0161104202270507,0.0168499946594238,0.0003347396850585
738_transformed.jpeg,1100000000011000111110000010011001110010011001010110011101001111100011010001111110011100101110010111101110000111011101100100010011111110111011001111100111011000011000000111001001000001111001100001001011000111000001111000110100010011000110110010011100110001,1100000000011000111110000010011001110010011001010110011101001111100011010001111110011100101110010011101110000111011101100100010011111110111011001111100111011000011000010011001001000001111001100001001011000111000001111000110100010011000110110010011101110001,True,True,True,True,4,0.0200059413909912,0.006843090057373,0.0127933025360107,0.0003523826599121
744_transformed.png,1101000001000110101011100111111000000110011110010101000110010111001110001101011110000110010010011101011000101000011101011110111101110101010010111001100110101001011010100010100101100100001011111001010111011010100000011101001001101110000001010011110000011101,1101000001000110101011100110111000000110011110000101000110010111001110001101011110000110010110011101011000101000011101011110111101110101010010111001100110101001011010100010100101100100001011111001010111011010100000011101001001101110001001010011110000011101,True,True,True,True,4,0.0490105152130126,0.0345411300659179,0.0141401290893554,0.0003104209899902
1373_transformed.png,1011101111010101101111111010101110010100000010001001010001011110100001001111111100001110001000010011010101110010101011010101001100101010010101000010001110101100011001111101110110010000101110100110100000001110111111010101101100011111001000000000110010100101,1010101111010101101111111010101110010100000010001101010001011110100001001011111100001110001000010011010101110010101011010101001100101010010101000010001110101100011001111101110110010000101110101110100000001111111111010101001100011111001000000000110010100101,True,True,True,True,6,0.0922996997833252,0.0738003253936767,0.0180649757385253,0.0004160404205322
577_transformed.jpeg,1011001100111100100011111100111111111110111010100111011100110010010001000110111110000000101100011111000101000000111111011100000011001101000010100010110001101101010100000011110000111000001010111001000101010110010011010000101000001110011011111111001110010001,101100110011110010001111110011111111111011101010011101110011001001000100011011111000000010110001111100000100000011111101110000001100110100001010001011000110110101010000001111000011110000101011100100010101011101001101000010100000,True,True,True,False,3,0.0343909263610839,0.0168585777282714,0.0167446136474609,0.0007703304290771
103_transformed.jpeg,1000100111001000110100110110011000110110001100110110110100110011110010011000110010011010110001100111001001110011011001101001100001001101100110111100110110100111100110110110010010010010010010010011011010011011011001011011001101001100101001001000110111001100,1000100111001000110100110110011000110110001100110110110100110011110010011000110010011010110001100111001001110011011001101001100001001101100110111100100100100111100110110110010010010010010010010011011010011011011001011011001101101100101001001100110111001100,True,True,True,True,4,0.0336382389068603,0.0161817073822021,0.016909122467041,0.0005297660827636
787_transformed.jpeg,1001010101010011010100001011111101000100111100000010011000111110000110011000000101001110110010110111001100110001000010001001100110101010110011110111110101010111111100010101101001011001001001110110011100100110010100010010100101100001111101110101110110101000,1001010101010011010100000011111101000100111100000010011000111110000110011000000101001110110010110111001100110001000010001001100110101010110011110111110101011111111100010101101001011001001001110110011100100110010100010010100101100000111101110101110110101100,True,True,True,True,4,0.0367720127105712,0.0188434123992919,0.0175783634185791,0.0003330707550048
950_transformed.png,1101001000010010110101010100010100100111001111100010110101000111001010100101100000001011111011111101001010010101110101011010011011100100101010010011010101011011000010110100101101100010010100101111100010010111101110101011110110011000101011010000011000101010,11010010000100101101010101000101001001110011111000101101010001110010101001011000000010111110111111010010100101011101010110100110111001001010100100110101010110110000101101001011011000100101001000000111111100010010111101110101011110110011000101011010000011000101010,True,True,False,True,35,0.0387911796569824,0.0257010459899902,0.0125153064727783,0.0005569458007812
1398_transformed.jpeg,1000011110011001010001110111110100111011011001100001100110010001011001001110001001100111011001110111011011001000101001000001100111110010001011010110011001100100101010111000111000111001100011010011001010110010110001110110100110111001100110010100010010100110,1000011110011001010001110111110100111011011001100001100110010001011001001110001101100111011001110111011011000000101001000001100111010010001011010110011001100100101010111000111000111001100011010011001110110010110001111110100110111000100110010100010010100110,True,True,True,True,6,0.0306141376495361,0.0138092041015625,0.0159928798675537,0.0007936954498291
737_transformed.jpeg,1110001010101000101111010111010101011111111101110110100000101011101001010100000001010011111010100011100010011111100011010100010101000110101000101010001101010101000100010011101001110000101111001011100001010101010111010110101010001110001001011100011110010001,1110001010101000101111010101010101011111111101110110100000101011101001010100000001010011101010101011100010011111100011010100000101000110101000101010001101010101000100010011101001110000101111101011100001010101010111010110101010101110001001011100011110010001,True,True,True,True,6,0.0348665714263916,0.0160744190216064,0.0184361934661865,0.0003378391265869
848_transformed.jpeg,1100100100000000000001110100010011110100100000100111001100011101011011110100001111001101101010101001000111001000110110011110101100011100110001111100110101100110011111011110110000001101100110000011111011000000111100110110000100110110110111101110111011000000,1110101100100000100001110101010011110100100000100111001100011100011011110100001111001101101010101001000111001000110110011110101100011100110001111100110101100110011111011110110000001101100110000011111011000000111100110110000100110110110111101110111011000000,False,True,True,True,6,0.0306594371795654,0.0143516063690185,0.0155389308929443,0.0007517337799072
1005_transformed.png,1000000100110001110010101000001100111110010000000110111100111100100110011111101111110110111001111110011111000010000111000010100110111010000111001100011110000001000011100011000000110101111010011100001100001110111110000001001011111010101100011000111111011000,10000001001100011100101010000011001111100100000001101111001111000001011100110011111101111110110111001111110011111000010000111001010100010111010000111001100011110000001000011100011000000110101111010011100001100001110111110000001001011111010101100011000111111011000,False,True,True,True,80,0.0334863662719726,0.0209686756134033,0.0120232105255126,0.0004763603210449
580_transformed.png,1001010000100101100101011010000101100001001110110111000101101010001011110000010110001110100001011101100010111011100100000111101010010111011001011010111110010101011000011010110101001010011110100101111001000110110101101101010100011000101101011101101000110010,1001010000100101100101011010000101100001001110110111000101101010001011110000010110001110100001011101100010111011100100000101101010010111011001011110110110010101011000011011111101001010011110100101111001000110110101101101010100011000101101011101101000110010,True,True,False,True,5,0.0662360191345214,0.0505175590515136,0.0149500370025634,0.0007505416870117
469_transformed.png,1000111111001001101101011110110001101100101100010110010000000110100100100101001110001010010011010110110110111110111011001011111110001010010100010101000011100100100000000110011010100100101011011001110111111000001111000111101111000100010100001000101110001111,1000111111001001101101011110110001101100101000010110010000000110100100100101001010011010010011010110110110111110111011001011111110001010010100010101000011110100100000000110011010100100101011011001110111111000001111000111101111000100010100001000101110001111,True,True,True,True,4,0.0666851997375488,0.0511295795440673,0.0151472091674804,0.0003905296325683
825_transformed.jpeg,1001110111011000100100011000000110101010011111101010100111000110101010011110110000110010001011100110011010111110010011001010010001101111011010010110100001101010010011101101100111011000101100011001010100110011000101100100101010010001010101111001001100110101,1001110111011000100100011000000110101010011111101010100111000110101010011110110000110010001011100110011010111110010011001010010001101111011110000100101001101010010011101101101011011000101100010101101100101001001101100000101011110000011010110110111000011101,True,True,False,False,32,0.0262577533721923,0.0114121437072753,0.0141217708587646,0.0007069110870361
521_transformed.jpeg,1011111110011001110110000100010011011000000111000010111011100111110100010000000010110101100110110000101010011100000001001111111110101100011001011111001100000000010111111111111100001011110011011100000110010000001111011011111000110010001100111100000001001110,1011111110011001110110000100010011011000000111000010111011100111110100010000000010110101100110110000101010011100000001101111111110100100011001010111001100100000010111111111111100001011010011011100000110110010001111011011111000010010001100111100010001001010,True,True,False,False,10,0.0207331180572509,0.0069122314453125,0.0129961967468261,0.0008063316345214
885_transformed.jpeg,1011001101000100101100001110111010010110001011010001101101110011111010010011001011110111001000110111110011110100011010011100111100111110000111011011000011000001001110010001100100110001101101001001110000000000100010011100110011011000110001101100011111001100,1111011101000100001110001110111010010110001011010001101001110111111010010011001011110111001000110111110011110100011010011100111100111110000111011011000011000001001110010001100100110001101101001001110000000000100010011100110011011000110001101100011111001100,False,True,True,True,6,0.0212187767028808,0.007683515548706,0.012923240661621,0.0005950927734375
805_transformed.png,1111101001101001111111110100010110000110000001011100000011011110110100011111100010000101000010101000010100101010101100001110111000011001101010110101100100111000111110001011000101111000101101010101010010100100110111001010000010111111101000010011111110001001,1111101001101001111111110100010110000110000001011100000011011010110100011111100010000101000010101000010100101010101100001110111000011001101010110101100100111000111110001011000100111000101101010101010010100100110111101010000010111111101000010011111110011001,True,True,True,True,4,0.0797905921936035,0.0609591007232666,0.0184302330017089,0.0003821849822998
935_transformed.jpeg,1000011101100000001001000111101101101001010101100101000111100110101101111010101101111111100101000111100000011100011000010110101010010101110001110001111010000111110010000111100001100101110110011101111100100001001100101011110111001011000100000000100111001001,100001110110000000100100011110110110100101010110010100011110011010110111101010110111111110010100011110010101110001110001111010000111110010000111100001100101110110011101111100100001001100101011110111001011000100000000100111001001,True,False,True,True,47,0.0350186824798584,0.0168001651763916,0.0172457695007324,0.0009548664093017
1082_transformed.jpeg,1000000001001100110011000011001001011001100110110110011001101100100111011011001101011001110011011010011000110000100010001110001100001100110011000110001100011001111011100110011011111001100011000101001100110001010001000110011111111011000011001111110111110011,1000000000001100110011000011001001011001100110110110011001101100100111011011001101011001110011011010011000110000100010001110011100001100110011000110001100011001111001100110011011111001100011000101001100110001010001000110011111111011000011001111110111111011,True,True,True,True,4,0.0173900127410888,0.004734992980957,0.012000560760498,0.0006351470947265
843_transformed.jpeg,1100010010001110111010101110000010111101111111101001011110010101110100000100111110110101110000011100000010011101100101000110001110010010011111110001011011110101000001001111111101101011100010001111010010100100011001101000000001000110000010010100010010101111,1100010010001010111010101110000010110101111111111001011110010101110100000100111110110101110000011100000010011101100101000110001110010010011111110001011011110101000001001111111101101011100010001111010010100100011001101000000001000110000010010100010010101111,False,True,True,True,3,0.0252003669738769,0.0106449127197265,0.0137803554534912,0.0007576942443847
755_transformed.png,1011010010100000010110100100000101101001110010101011010110011110001010101011010101000111011110110000011011100101001011011100011001111000011010000101001001010101000011100111100010001110101011011011110111011110101100110001001110000111100100111000111110000001,1011010010100000010110100100000101101001110010101011010110011110001010101011010101000111011110110000011011100101001011011100011001111000011010000101001001110111000011100111110010001110101011001011110111011110101100110001001110000111100100111000111110000001,True,True,False,True,4,0.0902695655822753,0.0727114677429199,0.0169894695281982,0.0005488395690917
274_transformed.jpeg,1100001100000111101001001110010010011011000001110001101111001001001100100000011001111001100100011110011101010110101000111101000010011100010100110110100111100000001000000101111000001001111100111110110011011110101110110110001110111000111110001100100101101110,1100001100000111101001001110010010011011000001110001101111001001001100100000011001111001100100011110011101010110101000111101000011011100010100110110100111100000011100000111111000001001111100011110110011011110101110110110001110111000111110001100100100101110,True,True,False,True,6,0.0220654010772705,0.0085892677307128,0.0128889083862304,0.0005700588226318
273_transformed.jpeg,1101010110011000110101000100101000010111011000111011001100110010010100111011111111011011100000110100100000110001011001110111110000100101100001110110010011101101010101100111100010000111010001111011001101101000101100000010110010011011101001111100001010100001,1101010110011000110101000100101000010111011000111011001100110010010100111011111111011011100000110110100000110001011001110111110000100101100001110111010011101101010101100111100010000110010001111011001101100000101100000010110010011011101001111100000010110001,True,True,True,True,6,0.0309076309204101,0.0136518478393554,0.0169055461883544,0.0003314018249511
836_transformed.jpeg,1111100001101010110011011101100111000111101101010011101001110011110001001101101101101011001101001001111010001001110001000011000000110011101001011100110010010001010110100011011010110110010010011000100010011001010110100100011011000010110000111001110010110101,1111100001101010110011011101100111000111101101010011101001110011110001001101101101101011001101001001111010001001110001000011000000110011101001011101110010010001110100100011001010110110000010011000100010011001010110100100011011000010110000111001110010110101,True,True,False,True,5,0.0287039279937744,0.012796401977539,0.0151805877685546,0.0007097721099853
91_transformed.jpeg,1100011100010000011111000100111100111001111000111100011000111100001110001000011110000011101100001110011001110111000110001101100011111001110011110010001100000111110011001111000000110001100011001111111000000111110000011111100000011110000110010111000111100001,1100011100011000011111000100111100111001111000111100011000111100001110001000011110000011101100011110011001110111000110001101000011111001110011110010001100000111110011001111000000110001100011000111111000000111110000011111100000011110000110010111000111100001,True,True,True,True,4,0.0314552783966064,0.014369249343872,0.0167360305786132,0.0003321170806884
586_transformed.jpeg,1000100100010110001010001101011000111110011100000001101101011110010010010000001110010100101110100011111111111110011010110010000111011101010111110111010010111000111000000001110110001101011001010111011000000000100101101111110110011001010110010100101000010011,1000100100010110001010001101011000111110001110100001101101011110010010010000001110010100101110100011111111111110011010110010000111011101010111110111010010111000111000000001110110001101011001010111011000000000100101101111110110011001010110010100101000010011,False,True,True,True,3,0.0226171016693115,0.0083363056182861,0.0136082172393798,0.0006546974182128
130_transformed.jpeg,1001101001101100000001100011010110011001110011101000010100100011011100100101001001111000101101101101101000100110111001100110110001100100100110110100101110010011101100011101101001111110011101001111100101001100000011001101110010011100000110000010111101001011,1001101001101100000001100011010110011001110011101000010100100011011100100101001001111000101101101101101000100110111001100110110001100100100110111100101110010011101110011111110010111110011101001111100101001100000011001101110010011100000110000010111101001011,True,True,False,True,7,0.0291855335235595,0.013566255569458,0.0149922370910644,0.0006098747253417
176_transformed.jpeg,1111011110100110010000100100101001010110000111101110101101001000101001010101011011000100110001100100101001011111010001010001101011010010101101001010011111010011111001111010010110000110111101000001001011011110010100110100101101100010001000111100111110010000,1111011110100110010000100100101001010110000111101110101101001000101001010101011011000100110011100100101001011111010001010001101001010010101101001010011111110011110001111010010110000110011101000001001011011110010100110100101101100010001000111100111100010000,True,True,False,True,6,0.0378651618957519,0.0187406539916992,0.0185673236846923,0.0005393028259277
1320_transformed.jpeg,1011101110000111101110000011010111000001110110011100100011011101011100101011000101000110111000100110000100110100011110111010001111101011101100010111100101000001110110010010100111000010101001010100101011010110101111010011010110110000111010010001100000100010,11111011100001111011100000110111111000011100100111001000110101010111001010110001010001101110001001100001001101000111101110100011111010111011000101111000010000011101100100101001110000101010010101001010110101101011110100110101101100001110000000011001001001100000000,False,True,True,False,10,0.0198228359222412,0.0070865154266357,0.0120553970336914,0.0006635189056396
940_transformed.png,1100001111000011111001001001101010011000011110000110010001110011000001111100001110011010001110000110110000110010100000111100111011011111100111100110011011001111100110111000001111111011100000000011111010010011110110010010011101100100001100110001110000100100,1000001111000011111000001001101010001000111110000110010001110011000001111100001110011010001110000110110000110010100000111100111011011111100111100110011011001111100110111000001111111011110000000011111010010011110110010010011100100100001100110001110000100100,False,True,True,True,6,0.0610716342926025,0.0463504791259765,0.0141692161560058,0.0005338191986083
535_transformed.jpeg,1010110101100110101111110101001011110011000100011100011010101101100100001111111100010001000110011101010001010110111011101100001111111010101111010000000000100011000001000100101001011101010101100010101110110101001010101000000110100011011000100101110101101110,10101101011001101011111101010010111100110001000111000110101011011001000011111111000100010001100111010100010101101110111011000011111110101011110100000000001000110000010001001010010111010101011000000000010101110110101001010101000000110100011011000100101110101101110,True,True,False,True,25,0.0371241569519043,0.0186004638671875,0.0180118083953857,0.0004940032958984
223_transformed.jpeg,1100000100001100110001110001000011001100111100111001110001111011001100100011100111110011110011000000011000110011110011011001111000011000111100001100110001110001011001101100011101100110011001101111001100011110100110011011000101110100001110011001101001001001,1100000100001100110001110001000011001100111100111001110001111011001100100011100111110011110011000000111000110011110011011001111000011000111100001100110001110001011001101100011101100110011001101111001110011110100100010011000000110101001111011001101001000001,True,True,True,False,9,0.0286521911621093,0.0122883319854736,0.0158178806304931,0.0005280971527099
1084_transformed.png,1000011110011001010001110111110100111011011001100101100110010001011001001110001101100111011001110111011011000000101001000001100111010010001011010110011001100100101010111000111000111001110011010011001010110010110001100110100110111000100110010100011010100110,1000011110011001010001110111110100111011011001100101100110010001011001001110001101100101011001110011011011000000101001010001100111010010001011010110011001100100101010111000111000111001110011010011001010110010110001110110100110111000100110010100011010100110,True,True,True,True,4,0.0535669326782226,0.0401196479797363,0.0131220817565917,0.0003077983856201
764_transformed.jpeg,1001010100110000011011011101100001111011010010010000101100001110000010010001101111100100011100010111111000001000101101010010101010001101101001010010000011010110001110001101111111011110100110101000100110110001100110001100011011001111101010010011011111101110,1001010100110000011011011101100001111011010010010000101100001110000010011001101011000100011100010111011000001000101101110010101010001101101001010010000011010110001110001101111111011110100110101000110110010101100110001100011011001011101010011001011110101100,True,False,True,False,13,0.0256099700927734,0.010587453842163,0.0141689777374267,0.0008363723754882
154_transformed.jpeg,1001000101001101111011001001111000111010110000101001010100010001011001100010110011001010100010101111011001000100111111110000000111111101110010010100111001111101001011110001101000110110000001110100101001101010001011010100110011010011001101000101101110110010,1001000101011101111011001001111000111010110000101001010100010001011001100010110011000010100010101111011001000100111111110000000111111101110010010100111001111101001011110001101100110110000001110100101001101010001011010100110011010011001101000101101110010010,True,True,True,True,4,0.0272533893585205,0.0125086307525634,0.0142490863800048,0.0004794597625732
852_transformed.png,1000111000001001011100011100001010111101001101100011110011100010011001110001110110001000011100100111100100000110111011100001100010010001110001110110101111111100110001100111110110011000100011100111000000100001110101101010000010011001110101100110001100111111,1000111000001001011100011100001010111101001101100011110011100011011001110001110110001000011100100111100100000110111011100001100010010001110001110110101111111000110001100011100110011000100011100111000001100001110101101010000010011001110111100110001100111111,True,True,True,True,6,0.044806957244873,0.0312440395355224,0.0130763053894042,0.0004689693450927
261_transformed.png,1010110110001100111001111111010100011000110110101011011101011000110110001010111001100011011000101000110101100101011010001000101010010110011100110001110010001001101000000010011001011101111110010010010100101101010000101100011010110111011110010000011000110111,1010110110001100111001101111010100011000110110101011011101011000110110001010111001100011011000101000110111100101011010001000101010010110011100110001110110001001101000000010011001011101111110010010010100101101010000101000011010110111011110010000011000110111,True,True,True,True,4,0.0517046451568603,0.037365436553955,0.0139927864074707,0.0003283023834228
452_transformed.jpeg,1100110010100100111001000101011000010100011011010110101010100101110001000001111011111011000101010011000000111101000101110101101111101011101101111010010001110101001110110010111100010100100100101111100000101011110011100100011010010001000100100101011001101001,1100110010100100111001000101011000010100011011010110101010100101110001000001011011111011000101010011000000111101000101110101101111101011101101111010010001110101001110111010111100010100101100101111100000101011110011100100011010010001000100100101011000101001,True,True,True,True,4,0.0320358276367187,0.015315294265747,0.016381025314331,0.0003223419189453
975_transformed.jpeg,1011101000011010100101010111011101001011101000000110110001010101001101001011101010110010110101010110011100001100001010100010101101110111011101001001000010000010011001111111011111001001000010000011110011011101100111001011000001100111001111001100100111001001,1011101000011010100101010111011101001011101000000110110001010111001101001011101010110010110101010110011100001100001010100010101101110110011101001001000010000010011001111111011111001001000010000011110011011101100111001011000000100111001111101100100111001001,True,True,True,True,4,0.0193800926208496,0.0066962242126464,0.0120720863342285,0.0005953311920166
27_transformed.jpeg,1011001011000011011101001100001111001010001010001100101100001110100011000011010010001101001011000011001101001011101110111101001011001111001101000011010101011010011100101100001101110010101001011011010100101111010111000101101101110010100001010011010111010010,10110010110000110111010011000011110010100010100011001011000011101000110000110100100011010010110000111011010010100111101111010010000000111001111001101000011010101011010011100101100001101110010101001011011010100101111010111000101101101110010101001010011000111010010,True,False,True,True,64,0.0185506343841552,0.0060255527496337,0.0118253231048583,0.0006825923919677
32_transformed.jpeg,1101001010011010010100101101001010011001011001011000011001001010001100011011101010111001101001011010001011001000101001010110101010100100101100111010111010010110101001100110011100101101001011010010100100101100101111010110111011000111100011101011100100011100,110100101001101001010010110100101001100101100101100001100100101000110001101100101011100110100101101000101100100010100101011010101011010010110011101011101001011010100110011001110010110100101101001000010010110010101101011011101100,True,True,True,False,4,0.0344054698944091,0.0167272090911865,0.0168442726135253,0.0008168220520019
1036_transformed.jpeg,1000110001001101110100110001000001101100101110110110010001001100001001100011001100100101110011011001011100110011000101001100110101010011001011101011011010111110010100101111100111011010111001111011101101011100000010110111000110110011011000010001100100100000,1000110001001101110000110001000001101100101110110110010001001100001001100011011100100101110011011001011100110011000101001100110101010011001001101011011010111110010100101111100111011010111001111011101101011100000010110111000110110011011000010001100100100100,True,True,True,True,4,0.0314729213714599,0.0141923427581787,0.0169293880462646,0.0003330707550048
87_transformed.png,1100111001100101110101000010001100010101110010100001001001101110000110111001110011111011010110111110001100110001000111010000101100010000011001110111001100110101111100100111011001100000111001100000011000010001101011101011100100100010110001111110001111011001,1100111001100101110101000010001100010101110000100001001001101110000110111001110011111011010110111110001100110011000111010000101100010000011001110111001100110101011100100111011001100000111001100000011000010001101011101011100110100010110001111110001111011001,True,True,True,True,4,0.0430724620819091,0.0289652347564697,0.0137803554534912,0.0003097057342529
501_transformed.jpeg,1000011001100010111110101001011000001101111110101110111000010001001101100101111011000111100111000100100000101110110001101100001000100111101111011011100011001111011110011001100100101100111100011101001000101001001010111110011000110011000010101000100000100101,1000011001100010111110101001011000001101111110101110111000010001001101100101111011000111100111000100100000101110110001101100001000100111101111011011100011001111011110011001100000111100101100011101001000111001001000111110011000111011000010101000100000100101,True,True,True,True,6,0.0342488288879394,0.0170559883117675,0.0166997909545898,0.0004751682281494
964_transformed.png,1000010000010101001001000010110001010000001111111001100101101010000111111010101111010000110101100010001000011110000111011000011111011001011110010011010100111101101011111111010110011001011110100011110001110101111011110100010010000000100010000011000011011111,10000100000100010010010000101100010100000011111110011011011010100001111110101011110100001101011000100010000111100001110110010111000001111011001011110010011010100111101101011111111010110011001011110100011110001110101111011110100010010000000100010000011000011011111,True,False,True,True,61,0.0639638900756836,0.0481328964233398,0.0151822566986083,0.0006308555603027
855_transformed.jpeg,1101110001100000000100011101110011110001100011011010000011110001010010011000100110011001101111010110001100110000100011110001111101110000011110001000001101100111001111100001111011110010001100010001111000100011111100110110111010110111010000000111000010110111,1101110001100000000100011101110011110001100011011010000011110001010011011000100110011001101111010110001100110000100011110001111101110000011110001000001101100111001111100011111011110010001100010000111000100011101100110110111010110111010000000111000010110111,True,True,True,True,4,0.0234086513519287,0.00984787940979,0.0132379531860351,0.0003061294555664
110_transformed.jpeg,1111110010110000110010110100111100010000111011000010111110111100000001100001010110011000110110111100100111111000010010010000111000111010100101001110010000111101011001110110001100111000010001100100110010010110100011111011110101110001011010010110111010010000,1111110010110000110010100100111100010000111011000010111110111100000001100001010110011000110110111100100111111001010010011000111000111010100101001110010000111101011001110110001100111000010001100100110010010110100010111011110101110001011010010110111010010000,True,True,True,True,4,0.0296251773834228,0.0137093067169189,0.0154213905334472,0.0004777908325195
584_transformed.jpeg,1001010100001101100001100011110100111101101001010011100111000101001011001110110001001100110001110110110011001011010011011011110001100101000111101100010110001100100101001100000110010111011010010001001111100111100110111010001011000011001100100001001111110010,1001010100001101100001100011110100111101101001010011100111000101001011001110110001011100110001110111110011001011110011011011110001100101000111101100010110001100100101001100000110010111011010010001001111100111100110111010001011000011001100100001001111110010,True,False,True,True,3,0.0379788875579834,0.0202796459197998,0.0167615413665771,0.0009200572967529
443_transformed.jpeg,1100110011001110110100111011000011010101000100111010001001110101101110101101100010100101011100110010010010100110001001110111101100001100110000011110110110000100111110010001100011001100010011011101001101001010110010011111101100010111011000110011100010100000,1100110011001110110100111011000011010101000100111010001001110101101110101101100010100101011100110010010010100110001001110111101100001100110000011110111010000100111110010001100111101101010011011101001101001010110010011111101100010111011000110011100010100000,True,True,False,True,5,0.038590669631958,0.0201005935668945,0.0178174972534179,0.0006549358367919
498_transformed.jpeg,1101010100001101110110010100011011001101010100000110111101011100001011010111111100010000110101010101100011000100111011011100011011100010110111010010011000111001000110001011000001001001110011110110010011000111011101101000100010011010000010111001110000110111,110100010000110111011001010001101100110101110000011011110101110000101101011111010001000011010101010110001100010011101101110001101110011011011101001001100011101101010110110011000111011101101000100010011010000010111001110000110111,True,True,False,True,48,0.0352950096130371,0.0175921916961669,0.0166702270507812,0.0010108947753906
581_transformed.jpeg,1011111111010110010111111100000100111100111100001000100011111100100001100101100001110000011001001100010001110111101110111000000101010111101010110100010011111011011110000100110010111011101000000010010111110000000100000101111011010000000011001110111011001100,1011111111010110010111111100000100111100111100001000100011111100100001110101100001110000011001001100010001110111101110111000000101010111101010110100010011111011010110000100110010111011101000000010010111110000000100000101111011010000000011001110110111001100,True,True,True,True,4,0.0327765941619873,0.0156848430633544,0.0167393684387207,0.0003340244293212
774_transformed.jpeg,1000101101111110111000011000001100001001100010010111101001011110111100000000011111011000100110111000000110000101100100111110110010110001010100100000101111011101101000011100010101110100101000011111101001011010010010110110111011110001110001011011010110000101,1000101101111110111000011000001100001001100010010111101001011110111100000000011111011000010110111100001110100101100100110111110010110001110100100000101111011101101000011100010101110000101000011111101001011010010010110110111011110001110001011011010110000101,True,False,True,True,9,0.0317463874816894,0.0156009197235107,0.015437364578247,0.0006897449493408
713_transformed.png,1011101011111111101101011110110110000000110101011001101101000010100101001010101011011010001111100100100000010101000111001001011011011111000011110101011110010110011001000101100110001000111011000110000011000111000011010000000101010100110101100001011101001111,10111010111111111011010111101101100000001101010110011011010000101001010010101010110110100011111001001000000101010001110010010110110111110000011101010110100101100110010001011001000000001110110000001110110000011000111000011010000000101010100110101100001011101001111,True,True,False,True,38,0.0594704151153564,0.0442380905151367,0.0147404670715332,0.000474214553833
526_transformed.jpeg,1010011001110101110101110011001101011001100110110010110001011101111101100100011010000001001001100110100000101001001011101101100111010001100101000100100101100000101001111110101111010100000001100100101111110100001110010100101110100110101110010110100010111100,1010011001110101110101110011001101011001100110110010110001011101111101110100011010000001101001100110100000001001001011101101100111000001000101000100100101100000101001111100101111010100000101100100101111110100001110010100101110100110101110010110100010111100,True,True,False,True,7,0.0285863876342773,0.0126373767852783,0.0153267383575439,0.0006046295166015
924_transformed.jpeg,1011000000001111001001010000000110101100101101010011101000001111100100100101100100010110111101011110110111111101100100011000001101111110011111011010110101001100011000011111000011001011000011011001001000100010010101111000110010101101000111011001110010010011,1011000000001111001001010000000110101100101101010011101000001111100100100101100100010110111101011110110111111101100100011000001101111110011111011011110101001100011010010010001000100101011110001100111011010001110110011100100100110000111,True,True,False,False,42,0.0185174942016601,0.0059742927551269,0.0115745067596435,0.0009524822235107
927_transformed.jpeg,1010101101010010110010011010010101101100101001110000001111010010010001100000110000111100100110010111100010110111011110110110000001101110010011101000011110001001010000100001101001111100101100101001010111101100001110011000011101111000110011110100101101111010,1111101101010010110110011010010101101100101001110000001111011010010001100000110000111100000110000111100010110111011110110110000001101110010011101000011110001001010000100001101001111100101100101001010111101100001110011000011101111000110011110100101101111010,False,False,True,True,6,0.0204601287841796,0.0068678855895996,0.012857437133789,0.0007181167602539
50_transformed.jpeg,1000010001101110100110011000011001011001100001001011011101001110001100111011110010110111001100110100110000100101101101001101100101100011011101000110100110100111111110101101000110010010010010010011110001100100011000001001001101111110010100110110011100101100,1000010001101110101110011000011011011000110101001010001101101110001100011011110011100111001100110100110100100100101101001101110101100011011101000110100110100111111110101001000110010010010010010001110001100100011111001001011001011110010100110110011100101100,False,False,True,False,22,0.0194859504699707,0.0065171718597412,0.0119297504425048,0.0010218620300292
528_transformed.jpeg,1111000011110101100011010000101010100011000011001110010100100101110111101111001010010011000111100010110101101101000100011011010001010010011010110110110010010001000101010111010000001110110001100110001110011011111100010110000111101000110000111101001011011110,111100001111010110001101000010101010001100001100111001010010010111011110101100101001001100011100001001010010011010110110110010010001000101010111010000001110110001100110001110011011111100010110000111101000110000111101001011011110,True,False,True,True,67,0.030698537826538,0.0141761302947998,0.0157246589660644,0.0007803440093994
1018_transformed.jpeg,1001110100101010100000001010010111100110010010001110010100101011011110011011011000011101100010011000011001101011110001100111011001011001101010011011000110001001111001000110011110111100011100100101101110011001111000111000100110000111110001100001100011100110,1001110100101010100000001010010111100110010010001110010100101011011110011011011000011101100010011000011001101011110001100111011001011001101010011011001110011001101000000110011110111100011100100101101110011001111000111000100110000111110001100001100011100110,True,True,False,True,4,0.0317020416259765,0.0140662193298339,0.0168869495391845,0.0007317066192626
96_transformed.jpeg,1111010111001001110010100001110000110111011000000111001000100111111000110110011000001101000011101101101011010110001101000100100011001011001001011011010011011110110110110011100000110100110101111100111100001010011001001010010011011000110101110010001100100110,11111101110010011100101000011100001101110110000001110010001001110000011111000110110011000001101000011101101101011010110001101000100100011001011001001011011010011011110110110110011100000110000110101111100111100001010011001001010010011011000110101110010001100100110,False,True,True,True,89,0.0326552391052246,0.0152146816253662,0.0167901515960693,0.0006318092346191
407_transformed.jpeg,1100010001000100110101001110110010010011000100110010101100010011000011001110111001101011111011011110110100001001000001001001001100011010110100100101001101111010111000110110110110100100101011010000101110011011100110001110010011111011011001101011001100011001,1100010001000100110101001110110010010011000100110010101100010011000011001110111001101011111011011110110100001001000001001001001110011010110100000101001101111010111010111110110110100100101001010000101110011011100110001110010011111011011001101011001100011001,True,True,False,True,5,0.0263686180114746,0.0113253593444824,0.014479637145996,0.0005469322204589
761_transformed.jpeg,1001101100010011010010011011000000110111100011011010111011001001010010000110011010100011000001110011110011010000110100010001111101101111101001001101000001110011000011101011011111000101010011000010101010011000111111000110110100001011111100101100011100010111,1001101100010011010010011011000000110111100011011000111011001001010010000110011010100011000001110011110011011000110100010001111101101111101001001101000011110011000011101011011111000101010011000010101010011000111101000110110100001011111100101100011100010111,True,True,True,True,4,0.0357694625854492,0.0170695781707763,0.0183043479919433,0.0003790855407714
157_transformed.png,1000110011000010111110110010000101110011000110000101100011001101100111101010001111110110001101110011001110110100100011010110100100001000110101010000001100011011100010101001111100001000101110110011001010010100010101101011111110111010010100100111101001011100,10001100110000101111101100100001011100110001100001011000110011011001111010100011111101100011011100110011101101001000110101101001000010001101010100000011000110111000101010011111000010001011101100000010011001010010100010101101011111110111010010100100111101001011100,True,True,False,True,31,0.0331161022186279,0.0204102993011474,0.012054443359375,0.0006346702575683
909_transformed.jpeg,1100010010000100100100111101001111010011110100111111001111011011101000111001000111100010111111000110101111111110011000100011110001110000010001010001011000111011000100000101001010011100011100100001001100010101111101000111010001111011010100000110001100001110,1100010010000100100100111101001111010011110100111111001111011011101000111001000111100010111111000110101111111110011000100011110001110000010001010001011000101011000100000101101010011100011100100001001100010101111101000111010001111011010100100110001100001010,True,True,True,True,4,0.0458061695098876,0.0247111320495605,0.0205824375152587,0.0004947185516357
268_transformed.jpeg,1110011000000000100110011101111001100110011111110011100110001000000011000110000101110011000111011111110011100110001101110011100100001010110001101010000000110001110101101000110000101111111000110101010011111000101010000011111011010110100000010010101111110101,1110011000000000100110011101110101100110011111110011100110001000000011000110000101110011000111011111110011100110001101110011100100001010110001100010000000110001110101101000110000101111111000110101010011111000101010000011111011010110100000010010111111110101,True,True,True,True,4,0.0302157402038574,0.0138397216796875,0.0160398483276367,0.0003190040588378
558_transformed.png,1001011001010111000100100011010011001010101001000111000100101011011100111111101110010101010010011100110111111101110010011011101001101100110111110110010011010101001010111010011000101010101011100100100000100010101101000000000010110101000010010111101000101011,1001011001010111000100100011010011001010101001000111000100101011011100111111101110010101010010011100110111111111110010011011101001101100110111110110010011010101001010111010011000101010101011100100100000100000101101000000100010110101000010000111101000101011,True,True,True,True,4,0.0574047565460205,0.0426836013793945,0.0143897533416748,0.0003151893615722
1077_transformed.jpeg,1000010010100100111010001101000010010100110010111111100010000101001011010101111011010010010111010101101110110111110000100010011101010111001111100000000011111010101001100100001110110001111011001101110000001100010111101101101001101010000110110110001100100110,1000010010100100111010001101000010010100110010111111100010000101001011010101111011010010010111010101101110110111110000100010011101110110001111100000000011111010101001100100001110110001111011001101100000001101010111101101101001101010000110110110001100100110,True,True,True,True,4,0.0244560241699218,0.0105197429656982,0.0134792327880859,0.0004401206970214
466_transformed.jpeg,1101000100010000110001011111001111110110011000001010100001000001010010001000111111010111001111011000111111000001111001100110000001110100001111110001100100001111001100101101011101100110111100011100110011111000111011000101011010111010000000110011001000111001,1101000100010000110001011111101111110110011000001010100001000001010010001000111111010111001111011000011111000001111001100110000001110100001110110001100100001101001101101101011101100010111100111100110011111000111011000101011010111010000000110011001000111001,True,True,False,True,7,0.0264091491699218,0.0115740299224853,0.014298677444458,0.0005199909210205
75_transformed.jpeg,1001100111011000100111100101111100011110001000011101011100001011100001101001111010100111100000110011000111001001011000001010010110011111001001101110011110100101011010100100100100000100101001010100100110000011111001010000111010010111001111101101001111001011,1001100111011000100111100101101100011110001000011101011100001011100001101001111010100111100000110011000111001001011000001010011110011111001001101110011110100101001010110100100100000100101001010100100110000011111001010000111010010111001111101101001111001011,True,True,True,True,4,0.019669771194458,0.0072050094604492,0.0120673179626464,0.0003798007965087
1358_transformed.jpeg,1000011101101100100110011110000010001111111100001100001011111100011000111000010101100110011000110010000111001100011001010000111101110001000000110101001101111000011010011100001110101101110010111010010001111000001101001111110010110010001011111011101000101011,100001110110110010011001111000001000111111110000110000101111110001100011101000010110011001100011001001110001000000110101001101111000011010011100001110101101110010111010010001111000001101001111110010110010001011111011101000101011,True,False,True,True,68,0.0336921215057373,0.0159528255462646,0.0168831348419189,0.0008394718170166
930_transformed.png,1001001100010011001110000011101100010010101101110110110101101010010001101100000011101100011011101100011111000000111011010110101000010011100101011011100000111011011011000100111001000110110001010100011111000000000100111011000110111000011111101111100100011110,1001001100010011001110000011101100010010101101110110110101101010010001101100000011101100011011101100011111000100111011010110101000010011100101011011100000111011011011000100111001000110110001010100011111000000000100111011000110111000011111111011100000011110,True,True,True,True,4,0.0528831481933593,0.0379612445831298,0.0145890712738037,0.0003163814544677
942_transformed.jpeg,1000011110110000000111001111000111011110011000000010100100101000100100011110011110101001011001000010110110011101111000110110111010110010111100011100000101101100101001110010011110010110100000001100100001110010110011001011001101100111101001110101001101011011,1000011110110000000111001111000111011110011000000010100100101100100100011110011110101001011001000010110110011101111000110110111010110010111100011100000101101100101001110010011110010110100000001100100001110010110011001001001101100111101001110011001101011011,True,True,True,True,4,0.03078293800354,0.0141420364379882,0.0161943435668945,0.000429630279541
1022_transformed.jpeg,1001100111111111001000110000100010111101101001011001010001001111001100100110000011111101100010111000010110001011100010111110000101000000100001111011011110111010111101110111000001101010101010101000000011001100010100101110101000001110011001011010111101010010,1001000111111111001000110001100111111101001001011001010001011111001100100110000011111101101010111000010110001011100010111110000101000000100001111011011110111010111101110111000001101010101010101000000011001100010100101110101000001110011001011010111101010010,False,True,True,True,7,0.0361058712005615,0.0181801319122314,0.0169527530670166,0.0009546279907226
599_transformed.jpeg,1011111110001011111010000111111010101000011110101011000100000000011010000001110110101111111000101110100101001011011100000101100000011111101010110110101110101111100001001101001010111011100001011000011011100000100101101101011010001111100000111101000010000000,10111111100010111110100001111110101010000111101010110001000000000110100000011101101011111110001011101001010010110111000001011000000111111010101101101011101011111000010011010010101110111000010100000011000011011100000100111101101011010001111100000111101000010000000,True,True,False,True,34,0.0351514816284179,0.0173869132995605,0.0171542167663574,0.0005919933319091
179_transformed.png,1101010000110010110010101101111101110000100000100000110000101110011010101101101100001100101010110011111010011100111000000000001111001111101111100110100100000000001001111011111111001011000110000010010110111111011111100100000010100001011011100000111011100111,1101010000110010110010101101111101110000100000100000110000101110011011101101101100001100101010110011111010011100111000000000001111001111101111100110100100000000001001111011111111001011000010000010010110111111011110100100000010100001011011101000111011100111,True,True,True,True,4,0.046027660369873,0.0321903228759765,0.0134985446929931,0.0003211498260498
136_transformed.png,1010111101101101110001001001100111011110110011001010011011001100101110110001101000011001011010000000000010111111111110001011100110011000110100000001110010000010100100011111100011010011101110100001100110101010011010011001001110010001001010010110111110001011,1010111101101101110001001001100111011110110011001010011011001100101110110001101000011001011010000000000010111111111111001011100110011000110100000001110010000010100100011111100011010011101110100001100110101000011010011001001110010001011010010110111100001011,True,True,True,True,4,0.0550498962402343,0.0404484272003173,0.0142111778259277,0.0003731250762939
958_transformed.png,1110100101100011110100001101001110010110100111001011111100011100011001010110001101101101011000110001100101110011001100101001010010000000110001101100110111100110111110010010100111011011000110110110011110011010000110000100110000100000110001001010011011110011,1110100101100011110100001101001110010110100111001011111100011100011001010110001101101101011000110001100101110011001100101001010010010010110001101000110111100110111110010010100111011011000110110110011100011010000110000100110000100000110001001010011011110011,True,True,True,True,4,0.0813243389129638,0.0640745162963867,0.0168955326080322,0.0003366470336914
493_transformed.jpeg,1000001011101000000010101010101010110000001111111111000101100100000101001001010010000110100111110111101101010100011010001000010010100011011001110001001101010110010111001010110111111101011001000000100101000100101010110110110010111111010111111110110010100111,1000001011101000000010101010101010110000001111111111000101100100100101001000010010000110100111110111101101010100011010001000010010100011011001110001001101010110010101001010110111111101011001000000100101000100101010110110110110111111010111111110110010100111,True,True,True,True,4,0.0327839851379394,0.0157337188720703,0.0167067050933837,0.0003254413604736
575_transformed.jpeg,1001010100001010011010101001010110010101010010101110111010100101110110100100101101110101100001011110101100001011011111000100010001101110101010101111000110100010110100010000010101111110010110111110010110010101010000010110101001010000100101110111001000110101,1101010100001010011011101011010110000101010010101110111010100101110110100100101101110101101001001110101100001011011111000100010001101110101010101111000110100010110100010000010101111110010110111110010110010101010000010110101001010000100101110111001000110101,False,True,True,True,6,0.0342073440551757,0.0172920227050781,0.0162265300750732,0.00067138671875
793_transformed.jpeg,1011100100000100101011010110100100011001111111100101100001110100000011000000011110110011100010110011011001110011001001000111010001000010111110110011001101011101000001100010110110011111010001001111101000101011010100010111001001011011001011011111010011110000,10111001000001001010110101101001000110011111111001011000011101000000110000000111101100111000101100110110011100110010010001110100000000001000010111110110011001101011101000001100010110110011111010001001111101010101011010100010111001000011011001011011111010011110000,True,False,True,True,69,0.0287203788757324,0.0126774311065673,0.0154902935028076,0.0005338191986083
803_transformed.png,1000110011101010100011101111011111100010000000010111001010010000011000000100100110001100101001101000111001111001110000110011101111100011010011110101100111111100110111011000001011110100011000110011011100011000000011101001010001100000110011001001011111110111,1000110011101010100011101111011111100010000000010111001010010001011000000100100110001100101001101000111001111001110000110011100111100011110011110101100111111100100111011000001011110100011000110011011100011000000011101001010001100000110011001001011111110111,True,True,True,True,4,0.0370419025421142,0.0243806838989257,0.0123322010040283,0.0003106594085693
880_transformed.jpeg,1000010000010101101101010000000101010101011110000001010101011000111111111000101011001100011101010001101100001101010100000000010001100111111100010001110111111010100100010001110011101010110000110000110111111111100011101111010111010001110101010111001101110000,1000010000010101101101010000000101010101011110000001010101011010111111111000101011001100011101010001101100001101010100000000010001100111111100110001110111111010100100010001110011101010110000110000110111111110100011101111010110010001100101010111001101110000,True,True,True,False,5,0.0189073085784912,0.0060508251190185,0.0121903419494628,0.0006499290466308
435_transformed.jpeg,1010111101000000100000011111111111111100010001100110001001110001011000110011101111001010010001001100000000110100101110100011010100010100101011100100101111110111100111101001101010001100101001101111100100100100000100001011110101001101110011111100101101000100,1010111101000000100000011111111111111100010001100110001001110001011000110011101111001010010101001100000000110100101110100011010100010100101011100100101110110111100111101001101010001100101001101111100100100100000100001011110101011101010011111100101101000100,True,True,True,True,4,0.024709939956665,0.0102169513702392,0.0141675472259521,0.000307559967041
124_transformed.png,1110010000001011010110000000011111000000001111110010101110111011000010110111111100100111100111000101110010000010001000100110010001001100100000100011011101110110001101111101110101111011111111110011011001101011111010010010101101110110000000100010010000010010,11100100000010110101100000000111110000000011111100101011101110110000101101111111001001111001110001011100100000100010001001101100010011001000000000110101011101100011011111011101111110111111111100110110011010111110100100101011011101100000001000100100000000100000001,True,True,False,False,5,0.043555736541748,0.0301239490509033,0.0126018524169921,0.0008132457733154
471_transformed.png,1001101111000000110000000011001111111100000110000011001100100000100011001101101111110111110000000100011000110111001010001001100000111000101100111101111111000110011100110011011110101100111111001011010001010000010110110111111101001001000111110010001001000111,1001101111000000110000000011001111111100000110000011001000100000100011011101101111110111110000000100011000110110001010001001100000111000101100111101111111010110011100110011011110101100111111001011010001010000010110110111111101001001000111110010001001000111,True,True,True,True,4,0.0350167751312255,0.022205114364624,0.0124850273132324,0.0003104209899902
135_transformed.png,1001100110001010100110011011111111101000000000000010011011101010001101100000010100000010111011010111111001001110001000100111010111111010001100101101010111101111111011100100000000010000101111110011101101011011000010011011000000110110100101011110011001101010,1001100110001010100110011011111111101000000000000010011011101010001101100000010100000010111011010111111001001110001000100111010111111110001100101101010111111111101011100100000000010000101101110011101101111011000010011011000000110110100101011110011001001010,True,True,True,True,6,0.0650956630706787,0.0491738319396972,0.0155575275421142,0.0003468990325927
1006_transformed.jpeg,1000000100110001010011001110011001001100110001101111001100111001101100110001100100001110110001100110111011100110111100010011100100000101010111111001111111000110110100010010000101000110100101101001000101111001111111110110100000111110100001101011000100010001,1000000100110001010011001110011001001100110001101111001100111001101100110001100100001110110001100110111011100110111100010011100100000101010111111001111111000110110100010010000101000110100101101000110101111001011111111110100000111110100001101011000100010001,True,True,True,False,5,0.0242319107055664,0.0095973014831542,0.0139820575714111,0.0006365776062011
55_transformed.jpeg,1001110001110011100001110101110011100110010001011011111000010101010011011101100010011000101010111000100100111101001100010101001101110011101110011100110001100010000111001100001011110011000000010010001101111100101110011011001110010010110010110100111001001100,1001110001110011100001110101100011100110010101011011111000010101010011011101100010011000101010111000100100111101001100010101001101110011101110011100110001100010000111001100001011110011001000010010001100111100101110011011001110010010110010110100111001001100,True,True,True,True,4,0.0343904495239257,0.0165843963623046,0.0174503326416015,0.0003383159637451
773_transformed.jpeg,1001000101000101110001001100000001110110011001110010110011001010100100010100110011100010100011001100100010011110100100001001011001100011101001001110011101000011100111001100111100111110011101110010011101111001100011101110010001011100111100100011111001110110,1000000101000101110001001100000001110010011001110010110011001010100110010100110011110110100011001100101010011110100100001011011001100011101001001110011101000011100111001100111100111110011101110010011101111001100011101110010001011100111100100011111001110110,False,False,True,True,7,0.0315165519714355,0.0138354301452636,0.0168719291687011,0.000791311264038
1395_transformed.jpeg,1101001010100101000111110001101111011010010010001100010000000111000001110101001101110100101010000101011000000001001110111010110011011010011001000011010110100111011010111111101100101101111101100010110000011110011000111110001011001000101101101010101001100101,11010010101001010001111100011011110110100100100011000100000001110000011101110011011101001010100001110110000000010011101110101100000000111011010011001000011010110100111011010111111101100101101111101100010110000011110011000111100011011001000101101101010101001100101,True,False,True,True,67,0.0199723243713378,0.0064218044281005,0.0127770900726318,0.0007555484771728
210_transformed.png,1101010111010101101001100010001000101110001010101101010011111100110110111101110100101100000000100001000000100011110100111111010100101111010011001000110000001010110001001111011101111011111101010011001000001010100011000000101101111100110101011111010000110010,1101010111010101101000100010001000101110001010101101010011011100110110111101110100101100000000100001000000100011110100111111010100101111010011001000110000001010110101001111011101111011111101010011001000001010100011000000101101111100110101011111010100110010,True,True,True,True,4,0.0351512432098388,0.0224645137786865,0.0123012065887451,0.0003681182861328
153_transformed.jpeg,1010101010101001100101000001011001010101011101000110101010101001001011001010100101010010100111101110011000001110110011001100110110011100011110010011001010110100101100110001011010011011000111010111010100100110111001000111011100001100110110010101110010011001,1010101010101001100101000101011001010101011101000110101010101001001011001010100101010010100111101110011000001110110011001100110110011100011110010011001010100100101100110001011010011011000111010110010100100110111001000111011100001100110110010101110011011001,True,True,True,True,4,0.0181255340576171,0.0057709217071533,0.0117785930633544,0.0005593299865722
583_transformed.jpeg,1000010010010010000100100100100110011011011011000001001001101101111011011011111001101101100100101001011001001001011010011011010000101101101100101101001001001101000100100110110111101101101101100101101001001001001011001001011011010100110110110010001011101111,1000010010011010000100101100100111011011011011000001001011101100111011011011111001101101100100101001011001001001011010011011010000101101101100101101001001001101000100100110110111101101101101100101101001001001001011001001011011010100110110110010001011101111,False,True,True,True,5,0.0244369506835937,0.0097105503082275,0.013772964477539,0.00093674659729
1335_transformed.jpeg,1101000000011010010011001111111101001010100001000000110100000010001001001000000001110110101011111101001010010001111000111011001111111111001111111111111110101011100011111010110000001110110001000100000011011111110011001001111011000110100110000000001101100100,1101000000011010010011001111111101001010100001000000110100000010001001001000000001110110101011111101001010010001111000111011001111111111001111111111111010101111100011111010110000001110110011000100100011011111110010001001111011010010100110000000001101100100,True,True,False,False,7,0.0199029445648193,0.0069737434387207,0.0121128559112548,0.0007994174957275
884_transformed.jpeg,1101111100101001000000101111010101101101100100110000010110110010110110110110011100000110010010001000010010111011011111001100011000001001101111001111111100100011000100111111110011110110010011010000110110110000011001001001011110011001001001000100001001101101,1101111100101001000000101111010101101101100100110000010110110010110110110110011100000110010010001000010010111011011111001100001000001001101111001111111100100011000100111111110011110110010011010000110110110000011001001011011010011001001001000100001101101101,True,True,True,True,4,0.0165855884552001,0.0046312808990478,0.0115547180175781,0.0003836154937744
494_transformed.jpeg,1001110111011011100101001100111011011011000110010110101100100100111011001001000011000100110011100110000001001100011001110011111100110001000100110111101110110011110000010110010010110001100011011101110111110000011000011011001000101100011011100000111001001001,1001110111011011100101001100111011011011000110010110101100100110111011001001000011000100110011100110000001001100011001110011011100110001000100110111101110110011110010010110010010110001100011011101110111110000011000011011001000101100011001100000111001001001,True,True,True,True,4,0.0215873718261718,0.0080857276916503,0.0131089687347412,0.0003764629364013
868_transformed.jpeg,1101000010001100011111010100100000110000011111011111100111111011000110100011000101111011101111001000101010110010111010101010111000011011100010001100011001000111001000010001101111000110011001111110011001101111010001000100100011001110101000011011000100010011,1101000010001100011111010100100000110000011111011111100101111011000110100011000101111011101111001000101010110010111010101010111000011011100010001100011001000111001000010001101111000110011001111110011001101111010001010100100011001110101000011011000100011010,True,True,True,True,4,0.0338642597198486,0.015986680984497,0.0174334049224853,0.0004267692565917
203_transformed.png,1001000100010000100000010001010111001011111000110010110011110110001101111000110100111011001010001010110010110011110001001100110101010110010011101010111100110100001100011011101101011000110010010010011101101100110100111010011001001110101110110011011100001001,1001000100010000100000010001010111001011111000110010110001110110001101111000100100111011001010001010110010110011110001001100110101010110010011101010111100110100101100011011101101011000110010010010011101101100110100111010011001001110101110110011011101001001,True,True,True,True,4,0.0741267204284668,0.0569145679473876,0.0168542861938476,0.0003402233123779
730_transformed.jpeg,1100101010100010101001010101010110110101010111100101101010101010100000010101010100111101110101001100000100101010001111011000001111001010000101001011110100101101100001011110101001111010010000101000110110010101111100100010010101011110010110101110000101111110,11001010101000101010010101010101101101010101111001011010101010101000000101010101001111011101010011000001001010100011110110000011000000011001010000101001011110100101101100001011110101001111010010000101000110110110101111100100010010101011110010110101110000100111110,True,False,True,True,61,0.0141358375549316,0.0029058456420898,0.0106220245361328,0.0005910396575927
960_transformed.jpeg,1001010101000001100101010100100010000100010100111110110111010110001010101111010111001010101101001011010010111001110010101010111010100100010110111001101100101010011100001101100011000111010100100111001010101100110110011001001001000101011011101001101010111100,1001010101000001100101010100100010000100010100111110110111010110001010101111010111001010101101001011010010111001110010101010111010100100010110111001110100101011011100001101100011100111010100100111001010101100110110011001001001000101011011101001101010111100,True,True,False,True,4,0.0246484279632568,0.0104708671569824,0.013582706451416,0.0005781650543212
278_transformed.jpeg,1000110011000110100101100111000101100110011010011100110011000011010010001011011101100111110011000010111101100111100111000110011010011000110001010011001100111000110010110010110111010110111001101010011101110110101010110001100010010011000110010010010100010100,1000110011000110101001100111000101100110011010011100110011000011010010001011011101100111110011000110111101100111100111000110011010011001110001010011001100111000110010110010110111010110011001101010011101110010101010110001100010010011000110010010010100010100,False,True,True,True,6,0.0335655212402343,0.0160808563232421,0.0167984962463378,0.0006687641143798
456_transformed.png,1100110011100111010011001001000111011011000110100100001111010110011110010110111110000001100101110011001001100011010000110110011000100100110110011111101000100101011011111001011010110000000010011000111001110110001000111000101100011100100111011100011100100110,1100110011100111010011001001000111011011000110100100001111010110011110010110110110001001100101110011001001101011010000110110011000100100110110011111101000100101011011111001011010110000000010011000111001100110001000111000101100011100100111011100011100100110,True,True,True,True,4,0.0444831848144531,0.0313446521759033,0.012732982635498,0.0003890991210937
881_transformed.jpeg,1110101010101111111100100010101010001001010100011001101001100101001100001000100110110101110100010110001010000001011100001000001011111111000101111100111100100110010110011000100010001011010011001100001101111101001110100111011000111010010111100010101111111000,11101010101011111111001000101010100010010101000110011010011001010011000010001001101101011101000101100000100000010111000010000010111111110001011111001111001001101101100110001000100010110100110000000011100001101111101001110100111011000111010010111100010101111111000,True,True,False,True,33,0.0346710681915283,0.0173218250274658,0.0168526172637939,0.000478982925415
298_transformed.png,1100010010000111100001010111010000101010100011101010110001110001111010010100011110011000011001100011011000110001100101101001110110011001100010100100011001011101000000111000001111000011011110111111100111100000000111100011111110001001110110011111000110011101,1100010010000011100001010111010000101010100011101010110001110001111010010100011111011000011001100011011000110001100101101001110110011001100011100100011001011101000000111000001111000011011110111111100111100000000111100011111110001001110100011111000110011101,True,True,True,True,4,0.0407745838165283,0.0280365943908691,0.0124149322509765,0.0003058910369873
242_transformed.jpeg,1011110011100110100111000100010111000001010000010110001100110001001000111001011100110111110011100101110011001111100111001010010101100100001100110110000000011011010000011011110111011011101011001100101111000110001001110100001001100110000000110101100011111111,1011110011100110100111000100010111000011010100010110001100110001001000111001011100110111110011100001110011001111100111001010010101100100001100110110000000011011010000011011110011011011101011001100101111000110001001110100001001100110000000110101100011111111,True,True,True,True,4,0.0274944305419921,0.0115354061126708,0.0156176090240478,0.0003247261047363
463_transformed.png,1101010010010001100011001001010110000111010011110000011110110010111000100111111010110101000101000010001101000101011010011110010010011001010011110110000000000001101111011111000111111011001100010111000011111000101011101001100100011101100100001111101001111100,110101001001000110001100100101011000011101001111000001111001001011100010011111101011010100010100001000110100010101101001111001001001100111001111011010000001000110110111000011111000101011101001100100011101100100001111101001111100,True,True,False,True,38,0.0624587535858154,0.0471637248992919,0.0144453048706054,0.0008320808410644
882_transformed.jpeg,1101001100010000111001010110111011001110110001010001000101110011001010111000110010000101010000111101010010000101111010110001111000110101010110101001000011100100100011110010101100110011110111000100110100100111011110100101000110110001011110001010111110010110,1101001100010000111001010110111011001110110001010001000101110011001011111000110010000101010000111101010010000101111010110001111000110101010110101001000011100100100011110010101100110011110111000100110100100111011111100101010110110001011111001010011110010110,True,True,True,False,5,0.0265965461730957,0.0117769241333007,0.0140888690948486,0.0007133483886718
284_transformed.jpeg,1001011110011000001011101101110110010000011010111110101100101100100001001110111011101010000100001011011010111000011010011111110110010110000000001100111101110010011100001100111011010110101001111100100011011001000100010110011000100110100110101101100000110100,1001011110011000001011101101110110010000011010111110101100101100100001011110111001101010000001001011011010111000011010010111010010010110000000001100111101110010011100001100111011010110101001111100100011011001000100010110011000100110100110101101100000110100,True,False,True,True,7,0.0246753692626953,0.010422945022583,0.0135917663574218,0.000643253326416
1317_transformed.png,1100101111000101101000000011100110001011000000100010001010111110110110000011011101100000101111111101101000010011011000011101010011000110001101110101000010001110110000101010001111101001100011011011011000000100111100011110011110110111100011011111010011000011,11000011110101011010101000111001100010010010001011100010101110100000001110110000011011101100000101111111101101000010011011000011101010011000110001101110101000010001110110000101010001111101001100011011011011000000100111100011110011110110111100011011111010011000011,False,True,True,True,119,0.0556981563568115,0.0401902198791503,0.0149011611938476,0.0005841255187988
269_transformed.jpeg,1111001001010011110101000110111001010010101110010000100111010011111001001110110100110110010100011000111001111010101100110111001000010101110011100110100011001101010011000101001100100010001001010001001111100111110011001101110111000001110010010010011000001110,1111001001010011110101000110110001010010101110010000100111010011111001001110110100110110010100011000111001111010101100110111001000010101110010100110110011001101010011000101001100100010001001010001001111100111110011001101110111000001110010010010011010001110,True,True,True,True,4,0.0358045101165771,0.0160989761352539,0.0193119049072265,0.000373363494873
143_transformed.png,1101010101000100111110111010111100010100101100100100101101101110001001101101100111010100100001000000101000100011110110010101001001100110111011011111100111001000000010101001011110010101011011000000100010010001011110011110011001010111010011111010100011011001,1101010101000100111110111010111100010100101100100100101101101110001001101101100111010100100001000000101000101011110110010101001001100110111011011111100111001000000010101001011110010101011011000100100010010001011110011010011001010011010011111010100011011001,True,True,True,True,4,0.0513226985931396,0.0334770679473876,0.0172014236450195,0.0006241798400878
106_transformed.png,1001010101000110110100000111110100010110000111010011101111000011110000011111111010001110000110110001110010011101011100001111011011101101000101111100111100001011001100001001001000110000111101100001101100110001101110010110111011000010011001001101001000110000,1001010101000110110100000111110100010110000111010011101111000011110000011111111010001110000110110001110010011001011100001111011011101101000101111100111100001011001100001001001000110000111101100101101100110001101110010110111111000011111001001101001100110000,True,True,True,False,6,0.0914781093597412,0.0735628604888916,0.0171394348144531,0.0007576942443847
