Image,pHash
0001.png,d000d043e408fc009c00bf00bf0c73043f901f9c75cd7f83ff87fa87faaffe8d
0002.png,fff0fffcfffebffc1ff81ff00400000707ff07c71fe01ff0bffc001800000000
0003.png,02f001e081e0e1e743ff03ff11f7c1fe19bf17fe247800780008fdef1fff83c0
0004.png,fffffffffffe7ffe3ffe3ffe0ffc00200100000000000000000006fc0ffe03ff
0005.png,007f00ff00ff007f007f00ff00ff00ff00ff007f00ff00ff0cff00ff00ff88ff
0006.png,efd0fff808201f203fc87c006007e017c183f0f27f037f91ff917f0b1e03637b
0007.png,1fff1fff1ffd1ffd0fe90ffc0ffc0ffc03f803f801c800180038fc10001001fe
0008.png,807f883f9a9f9cdf9efff09fb81fa00f805fc0ffc178803c902380c580409e7f
0009.png,b3ffb3ff31ffb0ffb87f187fd83f761f35753010200030102018203f207823eb
0010.png,d6408420e81cf80ed22fdb27b9063c063d47fecff86f58ef801f003f107f18fe
0011.png,9effbfffffffffc33f033503c523e97fcf7fc10fe001a000f00000001d861002
0012.png,002e407f007f00ff007f003f081f0c3d07770187400fc02ec0ceee9fffdfffff
0013.png,3fc07fe07fe07fe07fe07fe07fe07fc07fc03f803f001f001f001f001fc01fc0
0014.png,0000000007403ffc7c3c799ef9bf72ef7aff79ff38d87cf63fff02e902640200
0015.png,0000000001f00ff8193c397e497f356f1dfc0309070103c61fe70fcfffffffff
0016.png,fff1fff0ffc0fe10f800f800f800c010fc147c10fc30ff30ffa0ffc00fc07fc0
0017.png,ffffffffffbfffbf01af00e006c006c007d006f01eb0149016c03ec03ff82001
0018.png,00005ff4dffefffedff8d3fccffc0ff403fc41fe8198009c06141e940ecc0000
0019.png,0c002d687a80bc14e8074c50df09fdc8ea7e1ec46c28ceaafafeb358fed4be74
0020.png,1fff1fff1ff70ffbfffdfffcfff000c007c0572013e802e046a0c0e000a000a0
0021.png,fffffffffffffffbfe73dc33ce33f143fc03fc03dc2390008000000000000000
0022.png,87fefffeffffff8ffc7eec7cfce8bcc0fc68bc210c0f040c00188018c0200040
0023.png,00000000870adf67fe23fe33fc3ffc7ffc7ff00fe0cfc087c007c2038f8bc7c9
0024.png,fffffff87ff27ff387b0f110f8187818000a00070007005d68bfc0bf426f076b
0025.png,00000e407fecfb8ffc2fff2f7ffee03c3fec7b1e413e618ef00e010e07cc000c
0026.png,fffefffd5ff7ffefffc9d7df1fc7000f063e0f19070c0e24060e001800000000
0027.png,40f8e0f9e07ce07ce8fce2fee3fee0dcf04676c23a00df06670f13be01d020f1
0028.png,c070ffc0ff87ff01ee00f838fe27ffe7ffd7fffffffb0f830001000000000000
0029.png,000001818381c5918bd183c013cc3bac3b8c3bee7fac77e27ffe67f247f34ff1
0030.png,fffffffffffffffffff7ffe70f970d03590ae082800000000080010002204630
0031.png,e07fc07fe23f003f01ffc17fc1ffc1f6c3f6c07cf1e030000003007f03ff1fc1
0032.png,fffffffffffffffffffb5ff000340040100101030003000f001f003f003f007f
0033.png,0000004001e401e400c61004100430063d171f317d7b7fffffffdfbffffffffe
0034.png,50a4502479b0dffff9ff13fb00fb01f7073f279127f6073626362334043404f6
0035.png,7fc07fe07fe07fe0fbf0f8e0f8e0eec0f3c0f1c3f8c37c013f073f000f000620
0036.png,ffe0ff20fe00fe00fe00fe00fe00fe00ff80ff80ffc0ffc0ffc0fe00fc00f800
0037.png,1ffc1ff00ff017f03fb83fbc3ffce7fc07de07ce039e039e01c008c838882c08
0038.png,67a437f073ff71c046bf0d7018e535bf47609aff12c0e1ef2a842470dea0aa64
0039.png,3ffe1fff1fff1fff0fff0fff07bf171e1b180d38031c070c07080602000f0010
0040.png,ffffffff1ffe1ffe1ffc1ff81ffc0ffc0ffc097808f804a0002000e000400000
0041.png,7fc43ff63ffe3ffe2ffe2ffe2ffe0ffe00fe24fe24fc3c803c00000000000000
0042.png,43d97ffc7ddcfe3cfff8fff88001920193259341df81df6fc007e006f0061002
0043.png,0300038003c003e087f0ffe0ffe0ffe0cff007f803fc07fc07fe07fe0ffc0f9c
0044.png,37fb1fc19fa3fc87f3426ae26e332ff71ff71ff304000ff04000002140f1f07d
0045.png,ffffffffffffffff3fff3f7f077f003f201f200020000011200ce0088000c004
0046.png,000000000000e200620842014202ffc1ffe1ffc3ff8fff8fffc7ffcf87cfffff
0047.png,05fe01fc0017003f007f00078004c00c06980428003f027fffffffffffffffff
0048.png,1f003fc03fe03ff03fff3fff3fff3fff3fff3fe03fc07b005800000000000000
0049.png,f800f800fc80ff80ffc0ff9effdffddff80ff019f01180080004800eb01ff8ff
0050.png,77f877f87ff87ff87cfef4fe9c5c9c7904f0004000001ef09ff01ff002f004c0
0051.png,010003c007f00ffc1ffc3ffe7fff737f782e780e79fe79de707c603c00040030
0052.png,ffe0008083647d18fd84f7c0f300d798f6cce7c6e7e3deb05e78c63a8f380e20
0053.png,ffffffffffffffffffff7fff3fff0fc60be20000000000000800080010000004
0054.png,21f81ff8167e0fff3ffe0bfe1ffc3fe7395f180900e40766001d063a001c01dc
0055.png,ffffffffffff1f7f0e7e0c7e047c047881e8818001c0c3d0c3f0c1e0c1a00180
0056.png,ff80ff80ff00fe00ffc0ffc0fe1fee9be61bce01d60fd00fd09b601c409c5008
0057.png,07e103f02bf83ffe3fdf3ffffffff8fff9cd67013e713e233400000000000000
0058.png,030f060f0fcf8f8d0fa51fb53fb47f847fe02ef01fd0ff603e403ec03e00f600
0059.png,ffffffffafff8dff0dff00ff03ff3fff1ff903fc00f800300010000000000000
0060.png,f83ff03ff23fe63ffec5ffd47fec37fd07ff063f070e21822182101844000000
0061.png,02001018419a500fbf7f1f4feff97ffd71c7c1fb3ffd31fd274e04db180c0000
0062.png,ffff7fff7fdf7f9f7f9f7f8f7f8eff88ff8000000000008001c0038003c003c0
0063.png,00002b006a40b10873dcfc38c03ec00f8007c083c287e995fd9ffc3fffffffff
0064.png,70387f7c7ff87ff87ff87ff87ff03fe07fe8dfc0c78087008202000200120792
0065.png,ffc0ffd8fff8fbecfdc4fd60775476870c890de90746264ca40da409ec000d00
0066.png,17f907f907ed07e887c0e76003d106814623c7e78fe787c3c3c781e383e3c1f3
0067.png,c71fe34fe04fe00fc01fc01fe05fe03fe01fe053f003f003f043f027f0c7f0e7
0068.png,ffffffffffffffefffdfeb83e2038007c007e007c0078005c001c00306000501
0069.png,ffffff3fff3ff33ff209bc05080780478047100f000f000fd007c127e227e07f
0070.png,fffffffffffb7fe37fc37f033e033c03380712d613d4080002e0004000001ff2
0071.png,819fe002f09cf300400000008007a0478867e86ff07ff07ff07ff07ff6ffffff
0072.png,001ebf3fffffffffffff1fff3fff07fc07f03fc03e000000040004001c000c00
0073.png,ffffffffffffffff8fff803f80018001900137006e2060303efce4008000e070
0074.png,ffffc7ffc7fe03be00080000c000e000e000f800fc00fc00ffc17fff1fffe7ff
0075.png,fffffffeff1fff0eff06ef8bffc8ffc8ff80df80cf808000000000000001000f
0076.png,c100c500cfa0cfe0c9b083f887f887fc87fc86bea1ff8aff9a30d800f001ffcf
0077.png,0000000000000ff03ffe7f7efe1ffc1ffc5ffc3f7c1f7c1f3e1e3f5c1fd00000
0078.png,e7b611fa01ff01ffffff6fff3fcb1fa00ecc06fe03fe01fe00be006000600000
0079.png,3fffffffffffffffffffffff3fffe0ff03fc0100000000000000000000000000
0080.png,00ff03ff0fff1fff7ffffffff9fff8fff087f08310e6109e0000000000000000
0081.png,038000c006c00ff03ff83ffc3f7f7e6ffe5fe4ffc77f6063ba450b9c1100c400
0082.png,0000078183879b1d9bfeffe7ffffffe2ffc1ff017c03ca025007003f003f000f
0083.png,fef8ffbefe70ffe03ff0ffc0ffc07ff07f987ffe3cf404ec0000000800000000
0084.png,ffffffffffffffffffffffffe6df08010001003f01fe02120000000000000000
0085.png,fffffffffffffffffff70fc0ffc023c02ec16a806f80ea00a000003000000000
0086.png,fff7fff3ffe3ffe3fbe3c7c7870ffc0ef800f800f800f800f800f800f0000000
0087.png,ffc7ffe7ffe7dfe7ff23fe27fe07fe04fec7fe07c607e0020000000000000040
0088.png,000000000c100db80fbc1fee1ffe9fde9ffe9ffe9e7ed6fe447e447e443e0018
0089.png,0c0000008000c05800c031c0fb1ff81ff81ff80fdc83fff1fff8dffcef9ef8ff
0090.png,00000008ffffffffffbfffefffffffcfcf9bece4e88042a801c2000400000000
0091.png,1ffc7ffe7fff7ffffffffffffffe7ffc19f010c0007000000000000000000000
0092.png,0000000000000180bf80bf80ff82ffe2fbc2fff2fffadef25ff25ff27ffe4184
0093.png,1fe07fe03fd63fff1fde1fe09fa00780138007e00fe41fd40fe00fe00f981f80
0094.png,de88dc107f207f807f00ffc0cd80dd40dac0ff00fd70fdc0fd18de38dc38dcc8
0095.png,ffffffff7fff3fff3fff1ffe0ffc0e300fe027c0038001000180088008600900
0096.png,000008c21ce03d7f0ffff3fbb37f70ff13fbfffafff0bff01f030e0000000800
0097.png,000000000000000001800980198039a0bdf8fdfcfdfcf3fcffffffffffffffff
0098.png,3efc7ff83ff89ffc5ffedfdeefdeecbee00678007c01ec028c01c000c000d000
0099.png,ea54c000412463ed6ff76bf76bf76d766d726c42463c027a52ea52aa52aa42bc
0100.png,fffefffcfffe7ffc7fff3fff3f1e4f3e70060006000680078018803080100040
0101.png,00000006001e007c0ffc3ff87ff87ff87ff87ff87ffc7ffc7bfc23f800180000
0102.png,07c001e003e003b84ff87ff8fa38f01cf6d8fff8e800c000c000f874ffff3fff
0103.png,fff8fff8fff8fff07ff03ff03ff81ffc0ffc0ff807f803d00180000000000000
0104.png,0420042004010442000400080000c003fffffffff93fcfa73ffdffffdff7fffb
0105.png,00fe00ff007f0c7ffcbffd9bec1bed03ed83e19b811f811f803f801f400f400f
0106.png,3f001fc0ffe0fff8fffcfefeffdeeff6fff8bff83ff800000000000000000000
0107.png,fffbfffed3ffcbffbdfe0c7c107c023007380030043001500c701bf01fe01fe0
0108.png,771fe0bfe0367004301c0064707c19e1139f02bf01f904ffe5c7e381f7a3df9b
0109.png,24000800f8002d002f00d9e00ff80f8857c79ffd0e4909c3d9effffdff9df1ff
0110.png,ffffdffe8ffeffffffbfff3f2fff80e084ef00d710c330010000000001000000
0111.png,000020009ff01fff1fff1fff1fff1fff0ffb4fff6c3ee3bc001f001a00002000
0112.png,21c063f040f8c3e8cfff3fff3ffb67ffd7ffc7e783ff0c3f000f000000000000
0113.png,fff8fff0ffe0ffe0ffe0ffc0ff80ff8ef978e10ce18ce000c000e002e002e000
0114.png,1f5eff3d0400bde078f1f06f100f00fc01f800f004f100630c87ff0fff9ffbaf
0115.png,0006001e007e1ffc3ff83ff87ffc7ffc3ffe3ffe15fe05cc05e4076401200020
0116.png,fffefffcffdcfed8ff8cff8cff4cc30ed30ec30ec016c010c010c030602000a0
0117.png,ffffffffffffffffffff0fff104102010001800100010001f8003e010fc007e7
0118.png,60077801f838f87cf9f8fbd0f3e0c7808fc0bf80ff00ff00fe00de01de319c7b
0119.png,ffc0fffefffefffcf38000000000f11ff13ff11ff11ff11fc09f808f00030000
0120.png,02000f8007a007b00ff80ff80ffc1ffe1ff91fe01ff81ffc1ff81ff81fe00700
0121.png,ee3cff1aed36c12ec5fec3fee3b8e1f0e140e2c081a08bc00bc007f087f483fc
0122.png,fcfffcfffffffefffcfffc7dfc7e7c7c7c381c3000100000000000000038003c
0123.png,0008000817e8fffbfdfffffdeff54fb77dbf7c3f7c33083338201c3008100000
0124.png,00000300177037fc2ffa73ff57bfbffcffff1bff1bff07c00fe011f800000000
0125.png,fffffffffffcbffcafd025d004c001fe1bfb33e087e800c001c003c001cc001c
0126.png,d773063f043f02ff02ef01e30eff07ff007f037b03ff0bc303c743c760036407
0127.png,ffffffffffffffffffffdffec1fc817cc1ff8007800600000000000000000000
0128.png,01e00220026002e0026006e00be0f99ef11ff11ff31fe63fe63fee3ff83ffd7f
0129.png,c0c0fc80fe20fc00ffc3ffff7fff3fbf41ff50af1097f0f8f0f800f000000002
0130.png,1fe9ffe9ffe9ffe9ffe0f6e0f220f020f0008004e008f3402f746efa03906788
0131.png,fffffffffffffffffffffffff87ff03fc00f0080008000c00000000000000000
0132.png,e026f01ffc1fff9fff0fff8fffcfffefffeff9af400e00260000000000000000
0133.png,bfffbfffbfff3fff37ff37ff1bff007f407f001f000300030003000100010007
0134.png,ffffffffffffffc3ffc1ff81fe01e000c0000000000040002000dc07ee1f77bf
0135.png,3f001fe21df209fa0bba01f081f9c3fee3feffecbf5ae003f003f801f809c009
0136.png,7e7cfef8fcf0fc70fc7cf67fff1ffb3ff877fac780c300c200000040002100e0
0137.png,006f08cf1bf82ffa0ff2beb8fbfffbf53371b330b3330363070203020302f702
0138.png,fffcfffcfffcffbeff9eff86ff80ff80fd80fc80f400f000e000c00080000000
0139.png,01ff01770277006701060022e020e028e140e091f3b9f7fbbfeb7fcbfa7ffaf3
0140.png,7d003c03184d004f107f027f026e56ee58ef58ef4c6f3c6f8047a0e780f78fff
0141.png,0ff01ff83ffc3ffc1ffe9f7e1ff01ff007f827f023e61bfc3b80098400000000
0142.png,ffffffffff3fff3ffbfffffff7fbd32100000000001e8000010401e202010009
0143.png,67ff6ffe67fd607e60fe70fe707e687c60786078607860786024000205fc07fc
0144.png,773d000001c900c006800599ce381ff71dff3807dfc7ce79f8e03df17ffe36bc
0145.png,ffffffffffffffffffffffff070e7ffc317c0038001000100000000000000000
0146.png,fffffffffffffffffe3ff81ff807fc036003400081018000c000c001c003f007
0147.png,d000d0f050f051d041c0c3e003c087e0c7d8cad8cefd8ec0eefe76f9fff53ff8
0148.png,ffffcfffcfffcfffcdffccff047f0c1f000f05cf052f070f0300002000040000
0149.png,fffffffffff7e7c7e7c7f647d647c007c007d017d007c00390061116f0000000
0150.png,ff00fc80f880f080c1808180818001808180c180ff80fffffffffffff7f375ff
0151.png,c2dcc58cc71d8307042080821fef1ffe4fff4fff0fe024607c403c2437fc1cee
0152.png,410d41c043f003f763ff7ffd3ffd1ffc1ff88ff50fe185e584c0040006097e20
0153.png,38013c013e0178e7787f587f506f787e78ee70e8e0f0f0f8f9e87ff00f8001f0
0154.png,3fffffffffffff7ffe3ffa3f781ff01fc00fc00f800781030003000100010000
0155.png,0000000000007fc0ffffbfff0fff03ff43f7c7fe43fe4ffd0fae0f7c01c40000
0156.png,023071f0f7fce73ff73ff37fff7ff73df438f408fd00dd00503c403e00000000
0157.png,fc00fc00f700ff00ff00f780ff00ff00ff80ff80ffa0ffb07f80778077806fc0
0158.png,fff0fff0ffe0ffc1ff81ff09f049f1d9e1d9c9c019c0084010c00040fff0e00f
0159.png,030000e00bfc000700070c43000300030017fc0fffd7ffdfffdfff8fff0fffff
0160.png,6040604038c4b8c6bfc21ec20000f1fff7ff61ef0dcf6dff4ffb6df940f80050
0161.png,fffffffff7ff73ff3bfe1bfc1bfd1bc73bfc009800000000002600de00380000
0162.png,f063f3f3f87bfbf9f879f831f03b703df039e839d438c038901c8818881ccc1c
0163.png,7ffcfffc7ffeffffcfffeffef1ff01ff20ff80218000010000000000000067c0
0164.png,03fe07ff0ffe0ff27f83ff40dce0fce0ffc1c3a1b1e0fd80f040e0c1d080e400
0165.png,dffedf841f04ff04ff04ff04ff043f04efc0ffbcef847f003f003f001e000600
0166.png,e5d7e3ffef382f380f382e380e700e33061301000190c1ffc1ff400fc01fffff
0167.png,fffffffffffffffffff9eff8cff8c088e018301015c01de00800000020002000
0168.png,00000bce3fff3fff3ffe3ffe3f8c3e343e741df00ff01d741eb40cc800700000
0169.png,9f601b70f840fc7ec47e707e617e077a2f7e7e7c3fec3a745874f802c4020102
0170.png,fffffffffffff01fe003c000800000000000000004400920fff8bff9ffffffff
0171.png,fffffffffffffcffcf3ffb87a07fb85f0a3f0c0f000740030001000180010000
0172.png,7fff7f1f1f871f9c4f9cdfc0fff6fffeffff7e9a4e0802000280000028000000
0173.png,ffeeffeeffefffcfffcfffc47f80238023008700f800f80088009c00fc00f800
0174.png,000060007c00ffe8eee7a3dfb108f1fee3ffc3f827910c0b104ef7cdfd80fe07
0175.png,28016000ffe0ffe0ffe0ffe0ff800000ffc0ffc001000000ffc0ffe1ffe3fff6
0176.png,20003a003f003f001f001ff40ffe0ffe0ffe3ffe3fee7ffe7edc74cc00dc0000
0177.png,fffcfff8f7f8f3f8f3e0ffe0fff0ff40ff00fe00fe00fc00e000c000800080c0
0178.png,fff05c20ff200300801875f903f703ef23ef07e903fc3ffc3ffc0b2c2acc00ec
0179.png,03ff03ff03fe03fc07f807f8079807f805f105ff01fe01ff01dd00ff01ff000b
0180.png,ffc7ffc7ffc3f983f803f003f003f00370c2f0e1e1e1e1f1e3e0e3c0e4c02580
0181.png,8e23ee07603f605fe1daf1987dc0f8f5f9b1f03bf87b9b6f428762071e420200
0182.png,fffcfa08418037a07fa07ea0ffe6ff84efe2ffa4f2a07fe07fb8600060004280
0183.png,4822c65612be07fb828f1b9b4e730e7207e707e303c7001fb81f383f3e594fb3
0184.png,fffffffffdfffcdffc0fff03f80d801480068006800280188034c01cf000fff8
0185.png,0ec71d877b837d801b901df80aec0cee1bfc1dfc0cfc0ffc0bec0bec038f020f
0186.png,00000000142017f01ff83fd03ff43ffa7ffd3ff87ffafffa5bf817f800700040
0187.png,0036051087fad7fffffffdff3dfe383f187f109f000380012000f408e0ecc2fe
0188.png,0380038007c007e007f007f007e00ff07ff8ff7e7e7f3e7e3e7c1e7c1c3c0c3e
0189.png,000007001f803c0078007e08ffe8ff887d8e7fee7fbeff7e1e6e3f743b44b04c
0190.png,60fc06af9ae44fbf29fbaeba1ddf377c2dfe51b51eee29bb074c001102ac0000
0191.png,b0bfbcffbdbfb91b91ffb2ae920c0000924c804f800f805ff05de05fe05be01f
0192.png,fcf8fcfb303c207c007001f000101831003f003601bffdefde3fefffe42ef0fe
0193.png,ffe7ffeffffffce99eff9e7ebf7e9ffe9f7e1cf8050000000000000000000000
0194.png,c000e000f000f800fc00fe00fe00ff00ff80ff80ff20fe30fe78ff7cff6eff1f
0195.png,46004e00cf00cfc0dfe0ffe0bfe03fe03ff03ff03ef07ee03fe039f019700d70
0196.png,00000e700ff00ff00bf01ff01f781ff01ef06ef01fef47e700270007e7e7f3ff
0197.png,e309f708f180e180f280f480f180f108f14af100fa10e017e83ffbfefbff5eef
0198.png,3fe07ff67f827fc07f587f487fe07fe0ff88ff18f590f5c2b800500058003800
0199.png,ffeffbe7ffe6ffecf8eefff8fdf8c0f8407a03b80f015f02400040008000f000
0200.png,feff3bcd1a2ac96aa74f81ad88b7a4dc0aceceee006e91969993808f80463a53
0201.png,ffff7fff1fff0fff07f500f8006000cf001f0003f007400f0bee03f803fe01f8
0202.png,fff9fff0fed8fd00fa80f800ff80f200101cf03f807f00f901f003f007f00fff
0203.png,ffffffe77ee73f873f8f2484008614140c009e00fc30fe08738023dc03fc03fe
0204.png,fffffffffff301d000430000fa11f840fc4078e062601a703f703f707f317e11
0205.png,ff81fffe03de00dc00cc060707870387009780a7c007c007e00ff41ffcffffff
0206.png,fbfbfffbfff9fff9b7ffb70fb63f957f077f3f5f001300000000000000000000
0207.png,01fafffbffe35ffb0cff8fffce7cf47850185800080008000004506431fe3ffe
0208.png,7fe0ffc0ffc0ff80ff00ff00fe00fcc0f000f000fc00fc00f80cf03cf07ef1ff
0209.png,fe00ff80ffc0fffcfffc7ffe1fe10610002cff00fc01f801f000c03600f801ff
0210.png,08cbcd1f028881cf2fcfffc9ffe0e6c22200800586cb08030007e03ff7ffffff
0211.png,f873f34ff79fffd8b8f001fee6e21fec3ed47dc0fc28f8205ed0844024401100
0212.png,74975cbe8deccfe0cfc0bec0be261e7cce68e24f5f877f40c6062e0009f00b58
0213.png,c001c0f987f8eff8eff8aff80ff00fe0a7e0e7c0a7c007e00fe0efc0c7c0c3c0
0214.png,ffffffffffff3f3f1f3f5f3f3ffcdfc1ce800d800e801c0018000400c0008000
0215.png,80ffe1ffb108b1c4f1c0b147b0c0b680e400ec00ef18e01cfcfefc10ffc0ffdf
0216.png,ffffff0fff07f907d903f023702b32031002101e04360ce025e025c0fd86ffff
0217.png,fff8fffcfffcfff8fe78ff70ff70ff607f407fc027800700000000000000fc00
0218.png,83ff83ff82ff02ff9efe9ffa07e80040007f0073018000c827c0e7ffff00fed0
0219.png,118f010f000d007c0ff10ff10ff10ff10ff11ff11ff10fc908240b247fdc7fff
0220.png,e7ffe7ffe7ffe3ff01be01fc003c01bf002e000e00ce00cc00fe0036c03c5fff
0221.png,e4556528b0289bb8ff3e75fafdf59fd41ffdbca9982d185000c248e088e889e4
0222.png,fffffffffffe5ff8cfe063c06000e000e10080007040e7f067f843b801fc007f
0223.png,01fc01fc1bfc3ffc7dce7f0aff9aff98fff8f93cf8380c380c603c7008200000
0224.png,0d300d300d700f600fa00fb00ffc1edc067c0f38cf20cfa4cfbcdf2cfe1cfbfc
0225.png,16003e803fe17fef3fff28fc0ef40ffc0fcc0fec05fc773ce03ce20073007100
0226.png,ffffffff0fff1fff1fff00ff860119f01ff800000003f9403fef006800200007
0227.png,00000000000f01ff3ffffffffffffffffffffffff81f880f080f000000000000
0228.png,03f003f807f007f003f809f80bf00ac00ffc0ffc03fe01fe09fe0dfe0efe0efe
0229.png,7f081f18071c030f07a63ffeffefffc37f810f01030110c10bc10dec0ffc1fe8
0230.png,9fffb7fffdff87ff807f80bf803f800180238007001f003f003f007f00bf01ff
0231.png,7ffa5fe4cfb0c7b01f9c2bbd63880388130001001f7003f81fd8bfe0f8eef267
0232.png,ffffffffffff788000801b80ffc01fe03ff07efc7a7e707e001f001e00000000
0233.png,007e007801f801f00df01df03df00de00cc001f001ff3ffffe3ffe3efe3c7c3c
0234.png,0000018003c007e04fe04ff27ffefffeffff7ffe7ffe7ffe3c3c101800000000
0235.png,00080f881b980ffc1ffc0ff80ffe0ffe17fe6ff81ff01ff01fe00fe001e80300
0236.png,fffffffffffffffffffefff00cf001c02000000300e700fe00780070006000e0
0237.png,000000ff3effffff3eff3c7f3fbf3cff6f3f4c0d08070070010000004700e3df
0238.png,f801e180f780e790f7c0e780c780c78007f007f007f087f087f0c7f0fff0fffe
0239.png,fdbffdbffdbbfdb0ddbceeb71fb9371c63c2c0418770014000000fe003e00720
0240.png,00010004000007e01ff81ff81ffc1f781ffc3bfc15ec7a9cf41cba73f05fffe3
0241.png,0ff83ffe7fff7fff3fff1fff0fff07ff01ff01fe003e000e0002000000000000
0242.png,100910885824fffff96ff1033c0b3450349730b631e475b4a0843ffcdff8cff8
0243.png,fffffffefffe7ffe3ffd04bd1cff0ff507f403e00380060204000c0018007000
0244.png,fffffe3fffbffefffe7ffe7ffe0fc4074007804f0007000f000f000700000000
0245.png,ffff7ffff47fe01f7007c007c007c001e0017003600fe007f803f843f0e7f99f
0246.png,fffffffbfffbfffbfffbe1fb200b000300050021000600000000001f00ffffff
0247.png,ffffffffffffffff0fff0703000000000000000400010001000734d7ffffffff
0248.png,2003e8c3ffe1558bc5810d800d800f808f80ff10e3cbf3a3fe26fee6feeff4c0
0249.png,07fffffffffff7ff3f1e3f8cbe08bf8a35d0334033009300100072903a000288
0250.png,007b0035004702210e43044107b90ff0dd49dd80dee0be773fed3efffc7f787f
0251.png,0000000000000600060007003f001f801fbffee0be3cffff7fffffbfffffffdf
0252.png,07ff03ff05ff05ff05ff07fc07f0abe09ffe9ffc15f01f88048c06080e001c01
0253.png,000000001c007000f900f180f980f8c0dc6fdc3fdd1fd9cfede7f1f3fdf9ffff
0254.png,ef3fff7ffb7ffadf7f7fff7d287e3834be307a30662446000600041400040004
0255.png,ffffffff1d7d1de51c451dc7ffc7ffc737ff7447e00347d30001000000000000
0256.png,e000c00080000000000001c013e07fe07ffcefffcfff8ffdfffdfffcff8c3f8c
0257.png,ffffffffffffffffffffdfbb03e203e80fc00c40086009c003c001c000000000
0258.png,f000e17ce1fce7fcc7fcc7ff0ffe0ffc2ff81ff01fe10780000000041fc0fe80
0259.png,3fffffffffffffffffffcc1f00080000000000000000001f007f00ff01ff07ff
0260.png,fd00ff00ff80ff9839b007f8037807e0cf40ee40fe00f800f803fc01f87ff9ff
0261.png,b7fc9ffe7cff3c7f383f783f703ff09fe017e017c007c00b80278006004600ed
0262.png,fffffffffffffffffffeffe0360040002300f800e000ca00ffec06000000e000
0263.png,01e003f007f807fc0ffc0ffc0f7c0f1e3e5efe1cee1c07fc07fc07f803f000e0
0264.png,ffffffffffffffffffffbffffefffedf0a000000000000010002000000000000
0265.png,00000040000000e20fbc07b429b20dd61fbf7eae67fc27f83de77fff7fef3df0
0266.png,ffffffffffffffff7ff00fe00ff081f0c02835f403400220006002f002cc0028
0267.png,9dff9dff9dff9dff1dff383f3a073d803ca07e083f0038207800784078007818
0268.png,c3c087ff87ff07c307c307d817d82fd80ff80ff00ff80ff013b011083ccc78ce
0269.png,07800ff00ff00ff80ff80ff05ff03ff8bff87ffc3bfc33fc1b780c0800c80008
0270.png,e000e000e0807f807fc03f847f8c7f687f087f007f400ec008f07e7cfffefffc
0271.png,ffffffffffffefdfcfffc3970196008f83c8038007400700010000000000ffff
0272.png,0000000000001fff7fff7fff0ffe0ef87e1cfc3ff91ff99fd1fb019c01060103
0273.png,ffd8ff7cfdc0ed70ffd8f27867f0d8a0d34022f0ceb42490dbf033a08220a940
0274.png,ffffff0d7fe07f62c33bfa3b1cb338b338b33023106310039003e00fe0c7e003
0275.png,fffffffffffffefffe7ffc7efc70f83e781f300f000f00020000000000000000
0276.png,fff0fffefffcfffeffff84003b003bc01bc300078027c007e042f040f800fc00
0277.png,0fff287f783ff01ff01ff00ff00f7807380718070807c000e0033c0f791fffff
0278.png,e07fc07fc03f929fc09fc05fc53fc03fc0ffc0ff007f003f023d041f01bb00f3
0279.png,860f840f840f840f848fb487d480fcbbfeaffe3ff03f003b2a388e30d63e063f
0280.png,ffffffffffff7fffffffffff09ff001e00000000003c007c01c0030006000450
0281.png,27ff37ff351f070f231b01310023080108c302c101c021e087fe8fffefffefff
0282.png,ffff87fc07fc05fc01fc007c017c7d7e0df905ff01fe21f021e0b8809c0c1c0e
0283.png,fffffff3ffd1ff81ff91ff01fe69fc20f83c60bc02b002bc183c012800380000
0284.png,69f96bc96bcafbd0fbd2fbd6ff463fce1e3ede3ccc340c360c10059002100330
0285.png,4000e003f807f83ffe7fe0ffe08cfefcf4f8e038e018e008e008f478fc78fdf0
0286.png,fffffffffffffffefffcf3bcb00018000000200030003000300038fc01ff03ff
0287.png,1ff079f8f9fcf9fef1fff183e000a000601060632219201c3c3c09fe03ff3ffe
0288.png,0000200b003b803083821f841fccfff9fe23f902fc337e13feb0fff0fe78fff0
0289.png,ffffffffffffff7ff007e003e007c003e007c001c003ee038001c003cfff8001
0290.png,00143bf03b441fdb7ffb7ffb23fd476d4f7320a000280090878fc387c3c7c3c7
0291.png,ff0087ff068f030f041e007e01e803c103012fe73fdf3b1f027f01fe03fe0fff
0292.png,ffff8fff07ff07ffdfff5cff306b2f4c240e00040400400f14d110fae007f000
0293.png,fffffffffffefffcffc0efc0f7828607800003000700078007c007c00fc00fe0
0294.png,83f780ff81ff8098c838c03f60360c368ddf2dff330fe04fe00fe01fe01f043f
0295.png,07f00ffc0ffe1ffa009e000e301a2088348c100e01381f9e0017ffdeffdfffff
0296.png,cffccefc5ff25e701c7c0c0c04000f4206da061a0c12fc02f8c07fe177e1ffff
0297.png,0c0f280eee1f441f000f801f003b86231099b81ce1ceefdf6e8fef9ffd2fc707
0298.png,03ff0ffb03fbc2f0ffc0feb6ffd5ffef2bde0f7d03ed34c101c0009002000800
0299.png,000000000000000301c13c7ff0c3f1c3e3e3cfe39fe79fc19fc7c1ffe7ffffff
0300.png,ffffffffffffffffffff7ff937f903f801f40230002000000000010003810180
0301.png,000000000f8007f803ff21ff38fffeffffffffff0ffe30007ff80ff800c00080
0302.png,c7c6b78e3fb6bfb67fc03bc007e00fe00ff01ff01fe82fe00fe00fc00fc003c0
0303.png,f007f00fffff80018101ff378ff98f6948f87efe5adccbff5bfe021e00000000
0304.png,fffffffffffaff7cfffefc0ffe03fe00fe00fe00fc00dc000c00040000000000
0305.png,fffcfffcfffc7ffcfbfc7ffcd97cf84005f805c820e010f000f000e000c00080
0306.png,fffffffffc3ff00f000700000000c003f80ffc1ffc1ff840fcc29f87f00478c3
0307.png,2ee407f000723271707d71fd73fc73dc63dc1bde3bfc1bec39ee01e401e30010
0308.png,00010203064306510097009220936dff6dbfefff664422d422f676ff3eff7fff
0309.png,000800000008001f001f000f00df19dfffffffffffdffc87fcc3fec3e3e17b21
0310.png,777d000005fe5fbe4fbe5fbeeff000006ffc7ff83ff82ffe0000000003f803f8
0311.png,ffffffffffffff3f3f0000001fbf00001fc001ff00ff007f007e007c00780030
0312.png,000701ff3dff3fff7fff3f7f1fff3fdf7b8f038f1380098008800cc000e00040
0313.png,fffffffc0fe8000c003e0184058707de0ffc1ffc07fc01fc3ff80fc007e003e0
0314.png,00003f803f803f803ff83fe83ce83ff83ff81ff81df91ff91ff8f83f00230001
0315.png,fffffffffffff3ffebfefbfeffffddf9d8c0c000008000800000008000000000
0316.png,00ff00e3100103800000ec210000480300410cfffcfefffafffefffefffcffff
0317.png,fff8fff8fff8fff8fffbfffffffffdde1dc01984098800800000000000000000
0318.png,004000e0036003603be033e013e01260b260fb44ff4e7ffcd7ff3ff37bff0fbf
0319.png,7fff3bff33fff3fff7ffe7ffc3fc407e401c480eac020e001880182001c00180
0320.png,78ef21ef701b13f36f5f0f7a1c3d1f797d311b1f344714021f6a3b6200035c30
0321.png,0150001000001830fff07fe0fff0f7f814bc06d80fe01fe01fe03ffe1fff0fff
0322.png,7ff87ff86e706e7066606668666867f947f167f967f967d86410600060007fc0
0323.png,43fd03ff67ffa7ffcfffcfffdeff1efe01f01ee00800104000001fff00100000
0324.png,827ff8fff97eff7e303ee63e133a02100000e000e000f000ff00ffe0ffecffcc
0325.png,fffffffffffffffffffffeb2ff9f03ef0008000004000c000006e00e00140000
0326.png,01f311f717dd018f019f137a01fe01ff11fe11ff01ff01fc00f700f900ff01fe
0327.png,ffffffffffff7fff7e7f7c3c3c3c381ff81c780e0c0000000c007c000c001000
0328.png,3fffbffff97fb07fc07fc47fc0cfc0c3c0cfc1dde0f1e021c023c046c0004000
0329.png,ffffa1f380f500e707fb07f907f38037007f047f1fff1ff2198401841fc01300
0330.png,c040ff80ff00ff80ff80ff80ff40ffa0ff40ffc0778076007f807fc0ff807c00
0331.png,fffff23fe00fc7c707c7818783c7008b600f600fe7cc87c68ec3c793400dc10f
0332.png,33e03fef3f1f231f131ffa17d60fc6078e336639f639ec79fc30e8100800da00
0333.png,0fff8c9ff89bf893fc93f883b88bc08fe0cfe0cfc04fc047c0f7c003c00fc00e
0334.png,8bce8dcdc62cc060dce0ffc1ebc035cff787bd8fed8cd9618003c01308f61fc8
0335.png,5fc0fffceff813e07bf07ef0e5c0ff80f500e781ffcc1ffc0ffc094c00000000
0336.png,1f204ff8f7f8f3f8fdf8fd70ff70f878b1f830f800f800f800f800a0c0b8fe10
0337.png,b9807cf9ff7dde80e38000804040800080008083e202e38fffc7ffdfffffffff
0338.png,ffc3f9c3f9c1fdc1f0c1e0c1f083c083d087d038f0f033c0372038f07ff07ff0
0339.png,0027008d03471a0f3e1f7f9f7fbfff3fffffd70f088f3b0e002c002f00278007
0340.png,01cfdfcfffcfffc7ff8dff06ff00fe40fac0fbc079c07880608020001d401e04
0341.png,bfffffffffffffffffffff7ffe7f8800080000000f00040000823e6602000000
0342.png,ffc0ffc0ffc0ffe0ffc0ffc0dfc0ddc0a9c0efc1efc1fd81c180c70005800700
0343.png,fffffffffffeffff3ffd7ffd0ff7aff08fe00180058001800000080008000000
0344.png,000000c0004004000f827ff8cffd0fff3fff2fff0ffb0ffffd5b587f7e600020
0345.png,0dd700df039f059f019f07df07df30df39fd727d727d705d304f004f004f004d
0346.png,ffffffffffdfffcfffc3ffecff8cff1ca3983780370000000180000000000000
0347.png,f9fdfbfcfafcf07cf8cdf86ffc4ff80ff01fe007e007e007c002000007420f40
0348.png,0000000000000000039807f81ff0ffe1ffc1ff80fe30def0fff8fffefffcfff8
0349.png,ffffff1f530d7ffd4fc7dff89fec43f741c3e1c3000100401a0000400b30fbd0
0350.png,ffffffffff87f780078037001fc01f800f80078007d01dfe4dfe3dff00220022
0351.png,7fe77fe63fe42fc42fcc2fe43fe43fc42fc40f6009b809fc41bc419603840188
0352.png,27ff61ff73ff7fff3fbf78fd3fc03fc06380078180d1a098c01c62083400081e
0353.png,ffffbfff17c237e0b7e137c177c0e380a0052080bf803fff3ff8279820000083
0354.png,2ffb0ffb0ff90fc10cc300fb003c00303014a0418841db6343f763ffe3f7e3ff
0355.png,ffc0fff1fff3fff3fcfff86ff07ff03fe01fc007000301e20003c002e000e000
0356.png,f000fc3fffffffff7fff2fff07ff03ff02ff6c9f00170c031800300000000000
0357.png,ffffffffffffffbffe27fe07fe02fe06ee006401270163004f00000001400040
0358.png,83fa85feb302b882bc82bf86bf82bc62ff029fe29fe29fe09fc2ff80f000e000
0359.png,1ffc1fff0e3f8c3f9c3f9cc7dfdfdd1fd8938003812781e181c1f00730430042
0360.png,0ff0018007e087f187e187e083fd3ffd9ffd8ff983e087f087c083c08080fefe
0361.png,01ff3aff183f982fa00bf001f000ec5ce9fde380f800ffe10fe301f303cb3f8b
0362.png,ffffffffffffffffff83c383c183c3abc3abc1abc1abc1830000000000000000
0363.png,000000000000018007704fb05ff07fe03ff0ffc0ffecf9e2ffe2ffe6fff0ffe2
0364.png,00000000006001e003e003f003f803f803fc03fc07ff07ff1fff3fffffffffff
0365.png,0003000303ff0fff3ffffffffffffffffffcffb8ff8079000000000000000000
0366.png,3e003d003f003f003f207fc07fe07fc07fe01ff81ff83ffef3f201f8007c003f
0367.png,fffffffff7ff73ff111f1a1f001f003e0039807e103fe00f801f000f002b0017
0368.png,7ff03ff07ef03fec3fee7ddfffdfff8fbf1f2f0f2e070a010800080000000000
0369.png,1fc03ffc3ffc7dfe7c7e783ef83e781f781e741e781e7a1e381c1c0c08000000
0370.png,23e017e01fc03f807f841f880ff38ff7fffffddefbcef68f680c088e00020000
0371.png,ffe7ffe0ffe0ffe4ffe6ff64ff00ff00ff02ff8b1f1b003b0033000100000000
0372.png,0807011e102f303d306f308e0f1b1b3d0f770def87f9fa6c0c5fc2a470bff83f
0373.png,00030007f01f9fffc7fff1fff87ffc3ffe1f7e0fff03780130001c003e000e00
0374.png,00100018003c00ff07ff4fffdfff1fff1fff0fff0fff07f107f000f000600070
0375.png,ffffffffffffffffffffffff077f027e03600680041006100200000600000000
0376.png,7ffc7ff47fe67fe667e06780279027807ee678e46bf06340e0006d840f340e10
0377.png,fd3efdb8f83cec38e91168000108017083d2ff4ee6f8cc08c01cc207ebdfebff
0378.png,cdf70d970d830fa05fa87f7cbe7f9e7d7e1e7e8e7dc0f9c02360830006010a03
0379.png,ffffffffffffffffffffff8fff2f1b00070c7f023c0004000000000000000000
0380.png,f8e0e03eef3cee0ce00ce41cc7ffe58be48de070c2000000000720ffafffffff
0381.png,fffffffffefffeffff7fff7fff1fe0870100318027001040000020000000f000
0382.png,0000f0005fe7f300dfe0077c1ff8e6f803ff0f3f3f7efffcf41c081f080f000d
0383.png,ffffffffffffffe3ff03c383c380c01100180000011b4f3f633d003f003e00a2
0384.png,ffff7fff0ffc03f000e00200078017f3ffffffffff87fe023c00100000000fc0
0385.png,00000000008000c000c000c007c0ffe0fff0ffffdfffffffeffffefffffe8000
0386.png,e0fffff7fff5fff8ffe87fa43f7f3e7f1bfe0de0006000380026000200040020
0387.png,ffe0fff0fff8f0fee07fe6fe8ffe003001f08fb08f58bf1091000d80078007c0
0388.png,ff01ff03fe1ffc3efc78fe9e3f9e7f1ffe5e3c12fc01c10160013e011c000000
0389.png,3e0f0e7f0e7f0f3f3f7f07ffc3ffc01fcc0fff1ffe7f387f0000000000002000
0390.png,ffffffff7fff7fff3fff37df2ffb20092189a00f7aff00010000000000000000
0391.png,1c7f253de79d8c0100080001000300068002c80bdeabef93ffc7ffe7ffffffff
0392.png,ffff000000701fff1fff1fff3ffc667666760660076203c007e007e000801fff
0393.png,fffefffffffffffffffffffffbfc79f87e202900000000000000000000000000
0394.png,ffffffffffbf8f1f021f0c4f188f3080f000fc00f800fc00ff01fc01fc011481
0395.png,002000403f283fff3fff3fcf3f4fc00f8007800380000003d00fde6fffffffff
0396.png,fffffffffffffffffffffffffff9d5f800000002000030784000000000000000
0397.png,28c0fffefff8fff0ffe0ffc07f00fc00fe80ff00ff80ff00fce0f80080002010
0398.png,0000000000003ffeffff1fff7e84fe00ff00ff00ff807f9c3ff93ff51fc003c0
0399.png,ffffff0ffe61fc7ff867f07fe467c067c07fc077c03fc03e002000100010007c
0400.png,cefc38fdfb6c7f2437f63ffe3ffe27fe21fe23c21f021e061c04180408080c08
0401.png,ffffffffffffffffffff803f03fc04f08200060004000053007f01fc00780002
0402.png,1ff807f817fcfffeffe0ffc0ffe0ff80ff80ff80e000e000f000f0007c803e80
0403.png,070f0fb30fdf0f830fc107412700278027824baa3e645dec6fecfcee7c26347f
0404.png,fffffe0b8001800186f98c59981dd89fccdfeffdb10d900980018001aa6dffff
0405.png,ffaaffa8fb20f00fe2014f01ffc0ff000c38003f17f4ff00fe00fe00ff00ffc0
0406.png,07fc01f801ff07ff47f97c036803c09f2003f003fc03fe03fe07bf077d07f807
0407.png,3ff03f483b0030033542ecdfedc7f0ff18ef18ef11c61e423e1a3e13f681f300
0408.png,fffefff7ffffffcf7fafe6067e00e000e003c003c000c403d003a003f003f807
0409.png,ffffffdf1fcd7fc4bfc0ff80ffc0ff80ff10e7f8e1c0c000c000f080c000e000
0410.png,0230204fa70005f00ff0fff8fffffffffffffff173f1f003f036300000000000
0411.png,fffffff7fffffffcf78080000004007803f80fd87f50234003000000ffc0fff8
0412.png,fa28be047e288128e1841fe01bf00f9005b827b4e738ee60cf08cd2a9ffefff6
0413.png,ffffffe3ff81ff00fe01f803c0078007000f0003c086e183c007e5bc71effff8
0414.png,7ffffeff60031003088f9f7f85808d810d070c0301000fd01ff83ffc381e7fff
0415.png,0078007081fe1bff27fe5fc61f9f7cff7e3ff90ffbccba1c18780e6003800000
0416.png,fd3fc03ffc3ffc1ff81ff90ff80df80f0f0f8b0fca01da00f900f800f800f004
0417.png,1fef00ef00eb21e105e604e404a167ab438343c303860fde0fe40ffc1ffe1fff
0418.png,80064203000f038f070f074b074ffe07fc03ff01ff00fa08f81ff03ff23fff7f
0419.png,e02fe4df20db21dc312c38a13214225270c7f418ffdc1bc932fb31f9a1f7e643
0420.png,001e001e0f9e0c0e5e0efd0f000f000e01df03ff07ff0ff7003e0027bfffffff
0421.png,000c80188030c070c063e0c7f08cff19ff01fe0bff18ec08ff19ff1bff1bffd9
0422.png,07fe01f019fc3c7f7e3f7f8f38078003e008c00cc00fc00fc01ff00fffe6fff0
0423.png,04001f013fc7ffc71fcf77e6f7e0fa40f11ce030c0038021c041f001ff1fffff
0424.png,07ff03ff03ff03fe01fe00fe007f007e003e007ec1ff007c00fc03fc03fe03ff
0425.png,002001f803fc03fc03fc07fa07f807fe3fdf1fdd1fdd1fc41fc40fc01fc00fc0
0426.png,fff4ffe0ffe6ff9efe3ff07f382f1c6f092f012f022700270027002700270023
0427.png,ffffffffffffffff3fff2bff147f1efc1e381ef0180000300000000000000000
0428.png,3f101fa01f801f8c0f800f801fc01fc00fc70fbf3fff7ffc3ffc078e07860740
0429.png,0b842f40165203c80be01ffe1fc40fc007803ce03fe237cadfe8ffd17ff07b9c
0430.png,1fef1fe7dfefdfe7f7c7f667d867c0e780efc06b40e140204803780140210071
0431.png,e000cc00e3c0dfa01ff01ff01ff00e380438073801fc03ff07ff07ff07ff0fff
0432.png,03ff03ff03ff03ff03ff03ff03ff03ff03fe07e40fe01ff00ff8077800000000
0433.png,7ffe7ffeffffffffffffffff7fc8ef80af506060006002000418000000000000
0434.png,0000000102037247ff7fff7f8e3f0e3f061f861fbc9ac003e385f187f31e779f
0435.png,f67ff63fe63fe27fe07fe01fe01fe01fe40fc04fc0000002c0004063d9ff01ff
0436.png,07f00ff04ff04ff00fe007e007e803c00300ffffffff3fed07bf03c023c003f0
0437.png,73ff6fffffff7fff6fff2dff7def7803708100053ae710c30003000100000000
0438.png,0776c1e6dc05be60fe4cc066d0309052d7f49f3effb8fd10c822df03ff80f280
0439.png,fffffffffff4f1fcf1fef79f33af20e101410001000000100025007707f31fe1
0440.png,ffffffffffeffffafc103700e000800c002e01a615dfb103b02724814c83c893
0441.png,9ffb1fbf07f660f2603e78003ea83e889c38f8b8e161e0f367e30be7180e181c
0442.png,0fe427e20bd46f815fcc3b967fc4bfe0d7e007e207e30fe007e687e407e003e0
0443.png,01200120000380078003c040e004f414bef4bff8bff8bffabfb82fbf3fffffff
0444.png,dffa5ffa1ff93ff9ffffdfffffff7ffa0120018011e001c001e001c000800000
0445.png,075f07b703db1fdf1ff71ffc5ffc3ffc3fbe0fc405c00480008001d81ff00380
0446.png,fbf9fbf9f7e1ffc0e000f800f800e800f800e801fe01bf03bf833f833f83bb83
0447.png,fffffffffffafbf8fbf8ffb0c3228b028f07830f81278010801f800280208180
0448.png,f0ff1e7f007f003f003f101f781ffc67e003c083c03bc07f807f5e7f1c3cf680
0449.png,00000000000000000000c0e0fff0fffffffffffffffffffffffffe7f80000000
0450.png,3fff3ffe07c0bff821e805e000c01ec21e801f801e1e1e001e101e00ffffffff
0451.png,ffdfffffdffff5fe91df9b98d510e004f000fe20f43dee3c1e3c100000000000
0452.png,fff0ffefffdee7ffc3ff81ff01ff03ff03fe03fc00f800000000000001c081f8
0453.png,00c30003000300030003000192f75fff0fff1fff07ff0fff0fff47ff47f867f8
0454.png,fffffefffe7fff7fff7fff70ffa0ff60000075f0202062754060000000000000
0455.png,e2ffccffc6ffc0ffc4ffc4ffc4ff403f3a271a0218020c02144226ea26e026a4
0456.png,fffffff6fff7ffe7ffc3f782e382e383c187c202c00ee00ce000c80881088200
0457.png,fffffffffffffffffefffe7ffe7f2e7f0c0f2000200003000000000000000000
0458.png,fffffffff7ffc5fcc1fce17dc17d877e82fec0fc817880f80060003000000000
0459.png,c0f683ff93fff7ffd3ffd1ffa3c981dd819c079107f10061086109c009881e0c
0460.png,fffbfffffffc43dccd00d708cf00df08cf08c708cf08df00ff084e00c708c100
0461.png,0000038002001f601fe03fe02ff04ff03fe01ff01ff03ff03ff07ffe0f9f07ff
0462.png,fffffffffbfffdffbdffb8ff00e70201000000000000000010fb31f80117fe0f
0463.png,07e00180000023e48ff0a0062ffa60001eb83a6e7e7f9a3916243ffcffffffff
0464.png,fffcfff8fff8fff0ffe1ffe0fff0f7e0e6503f2437b202b00024000800000000
0465.png,39fc35d13793370e739fe0f9f7b1df99cd138e7ea438ac38403066a404cc3818
0466.png,07f101f301f700ef5fff01ff01fe00f800b8008007b207861f883f987fff1fff
0467.png,ff00ffc7fe77f73783cf01ff41ff81f881f843bc4638063806208700f380e3c0
0468.png,fffffffff7feefee3ffeffe6f1a471822002c002c002e002e000f002f000f004
0469.png,0000081fbffffffff9c7f3cfe7bfcd3fdc779c771c7f001f0007000700030000
0470.png,ee1efe0fe00698ce2c5ef08bf80bf00ed10ff829f12ad9afc00fd10f380f81f1
0471.png,c000ffc0ffffffdf3f8f8e18fcd1fce101a00f2408080c1007f803fe01fe01ff
0472.png,088ef9dbfb7cfe78f87201eec71c8fc0c7c0fb80fc00bc00db80405c207c3dff
0473.png,000608070fc71f2706071f776e070e7c1e7c3e7ed7fc07c00002cfe3c01fffff
0474.png,0000c200c602c6028606cefe8ffb8fff1ffe1ffe0dfc07f005fe05fc07f80ef8
0475.png,c11f83ffe7ffe4ffec33fc35fc1f781930018001c081c0c1a403f003be83fff0
0476.png,cfffc7ff833f007f00ff03fe873c1f1c08048000800004dc08f763ffffcffc03
0477.png,cff4ef6ce38dc7ec07ce259b6d04218425e427686de07fa07b11fb11f510a851
0478.png,000007e027f02ff09ff0ce304e304e303e363e761ffe1ffe1ffe1ffc19f40300
0479.png,eee38ee200e118cbf8e9daf1c4c8fffdf6fd4261267d77ed776c324a80020000
0480.png,0000004010071000100038000c08689f6bff7aff70ff787ff9e7fbf7ffffffff
0481.png,03ff7fff7fff3fff1fff1fff0fff03ff407f007f003f000f0001000000000000
0482.png,061024bb04a3018b03ad3fbfbcc3bf5b3d7a3bffa047176c177e076717461700
0483.png,61f863fc63fc67de67de67cc67c867c040100108030007c007f01ffc1ffe37ff
0484.png,ffffffff7fff1fff0ffe07fe03f900bc083e07fe03f801fc0088001000200000
0485.png,fffffffffffffbf1ff70f7e3a7e003e0012020c0f0c1e061c060d00200038c08
0486.png,07ff03ff027d073d03fd03dd03dd03d70313031303018183811b80bf8fffdffb
0487.png,3dfc3ff83ff03f002000200020002000338033c3300320e37fffffffffffffff
0488.png,e780fe00f800f9c0fbc0fbc0f100f320fb20f320f780ff907e1e7e1e1e3e0efc
0489.png,000121012013018f0cdf0ebf1ebf1e3f3f9f7fff1fff083f003f007f007f007f
0490.png,18070000000803c007f8077c3fbf72ff3bf7fc3bfc6cf41dff0b7f803fe01f30
0491.png,fffffffbfff87ff8fff05bc84df55fc40e604c688418001a002400203e636200
0492.png,fffefff80ff88ebf00b902f400a0000000000200f806e00fe1c4fffffffcfff7
0493.png,fffffffffffffe7ffc3ffc3ff81ff01fe007e007c003c0038001000100000000
0494.png,1fe81fc02df00bf003f037e033e045e877e83fee37f634f037f033f033f00170
0495.png,18b700bf007f987f9c7fc27f07fd18f88c7e807e07ff07fd03fc21fc08260400
0496.png,ffc0ffc0ff80ef808f809f3c863c9038bf84ff80a04c801c806038630ffb7fff
0497.png,fffffffffffffffffffdff7170f001e003e40006060e03810002000003f90000
0498.png,ffffffffffffffffffff7fe73f833f011f01020000600400084034c001800000
0499.png,7ffffdfff703ff01fe01fc08fc08f009e009800180030007003f807f81fff7ff
0500.png,1c001c611c6b1c7d1c3c1c7e048603bf09ff3fdffdfffffefff08e400c000400
0501.png,fffefffff7eff7eee740e048e100b03a921a8282c04462647c39100181c3c3fc
0502.png,fffffffffffffffffffff003c003c0038001c001c001e003f003f801f800f000
0503.png,39c7009781ff05ff03ff00ff80ff8aef8f5f8f9887c083f081f881bc80bec00c
0504.png,7ffee78fd005c085c8c0d843d8c1c801e801e309e303e30fe00fe23fe03fffff
0505.png,02df03be067f07ff038f03ff03ff03f703e783af03e90397030b0387026b0797
0506.png,0fff07de0118c1054003600221033106e00ca30027083ff83fffdfff3fffffff
0507.png,1e041f0c7fdeffde7fcf7f8f3fce3fae0f8e008e004604c3078007801e981ab8
0508.png,ffffffff7fff0fff03ff3bfefffe7ff820e800800c00100000000000003c00fe
0509.png,07ff21ff03ff23ff05ff05ff07ff05ff07ff01eb01fb01eb01b20190001000e0
0510.png,047f007f607f007f20ff30ff20ff20fb209320dd410f2002f01f901ffe1fff2f
0511.png,75e031fc35fc51fcc7fbd341df384e1cde14ce18cc00cc00cfc81fd01fd03fc0
0512.png,fffffffffe7ff1dfc1c38001f3ffc001cfa13fa03fa02da06fa02c2020000000
0513.png,01e003fc07fe07fe07fe07fc07fe07fe07fe07fe07f803f803f801e001fe001c
0514.png,7ffa3ff423fe80f0fff4fe70f830f1b080a08003000300000003ff80ffffffff
0515.png,01201ff00f180e06067e17fc1ffc0ffc7df83fea0fa81dbc1ff07f80fe00f800
0516.png,440870089818d8190c33cc23d42bd80bdc1bdc3bfe7fdc2bc3c306621ff8ffff
0517.png,fc20fd70fdfffaffffffff07f203e0010a02000090009e08c670e018f01eff2f
0518.png,46184418421847f0fff10031b81bfffefffeffff8fe78f83000100008000ffff
0519.png,03800fc00fc01fc03fe07fe0ffe03fe03fe0bfe0bfb02f303ff03ff03cf02810
0520.png,00fe01ff01fe01ff01fc00ff01ff01ff01ff01fc00ff01fb01ff00e700f700ff
0521.png,fff8fff0ff60fe40fe00fe60fc207c00e41ff00fe817c00303c103c001c0ffff
0522.png,fffffffffffffffffffeeffcfce4fff00a820400000400003000100e30000000
0523.png,17f80ff006f2742670eef02f19c84ff0bff17ff913e027fc26b807e003e10630
0524.png,3ec2ffc4fdc4f984f980fbe0fbf0ff60ffe0ff60cf80c380e380e380f000f000
0525.png,fe2137300338014000001e0e1f7e9fff9fffb7fe83fc80fc80ec88fc9eb81e38
0526.png,000007c02cb03d383e180c18f99f7b9f7fff7fff3ffe3fbe1ffc1fe000000000
0527.png,ffffffffffffff7fff7fff4ffe0ffe06fe00fe000e0000000000000000000000
0528.png,000c001403c8039802d300c706ef03b707b703f703f70bff0fff0fff1fff0bff
0529.png,038c03ea02fe26fe27d80f700ff81ff807fc0ffe09fc2df419f019f889f801e0
0530.png,03e001f0013001fc01b827f806f826df060f2f0f1f0f2f1f0f9f0f9f0fff07ff
0531.png,7e00fe08ff103f187f18fe017fe97c7bf81f4c1d0e0f161f02ef38871807080f
0532.png,ffffffbfff7ffe7ff13ffbbfd87f80ff007f8033183380190004000000000000
0533.png,000c0008f040fef9fefffc7ff87ff01ff01ff03ff01ff01ff01fc00f00071003
0534.png,fffcffdcffcdff87ff83ff83ff814f81018100000001000100137f90ff803ff8
0535.png,cfffc3eff9cfe0e3f1f3f8ffffff783f003f1c3e001c00020002000001fc03f8
0536.png,20003af81db00fe007d81ff81fdc27e00fe00ff00ff81ffc17fc37fe0796078a
0537.png,1fff1fff1fff1fff1fff1fff1fff4fff0fff03cf00c000010008000000000000
0538.png,000001c007c00ff007f80ffc07fc0ffc0ffa07fc03d003fc07ff0fff07fc07ff
0539.png,e002e000e0001800ff00f620fefbefffe9ffe8d2203e0202611168c9ffbfffff
0540.png,00073007786f702f7917fd7fff5bffff7fff043d047e043f003700f300401808
0541.png,fffcfffcfffefffffffc7ff03f3007380e102e121c00180018001f000f800380
0542.png,07e707f703ff147f3cdf7f87ff40fcf7fdffe1ff01ff001f0007000100008000
0543.png,fa7ffc7ff81fe00fe03ef3fee0fff37fe00ee005e000e000c001f003e0f1d1c0
0544.png,f001ff01ffc37fd77fc33fc33fc33fc000001000e7f0ffcdbf893f013c01b800
0545.png,7f9cfb9e539f731f074167e300032507354f0f4383c1f8f8fc787e3c181c060e
0546.png,03f00370037001f000e080c0bffeffffffbffcbeee4c6a1f6c1f4c1f001e001f
0547.png,f41cfc00fc00fb00fb00fe00ff00ff00f700e218c218de181c9cb0ffc1ffffff
0548.png,fffffffffffffffffcbf0c010002900038003400f000f07cf078f000700f601f
0549.png,1bf01fe05fc03fd03f901f2004c6048b418f070f2e0f6fd36ff13ff03fe03fc0
0550.png,ff5fff0f9f6727772fbfffe73f360f300f2007210fa00fa007a0972090300030
0551.png,80008000c000e010ec187f783ffe0fff07ff03ff81ff8e7f067f0e761e7f027e
0552.png,7fce7fe2ffc0ffc0ffc0ff607fe07fe07ff839c0300010800100018003ff03ff
0553.png,3fea3fe40ffd0ff003ff0ff30ffd97fe1ff01ffa05f0018003c007e001e001a0
0554.png,7fff7fff3fff1fff1fef1fff0fbf063f17161e06060c0c0000800080000203e0
0555.png,61dde03fc0fec7a3dfa2fefe3ff70ffc7ff807988083c03f80880100c04082de
0556.png,7fff3fff1fff0fff0ffe07fc03fc01f800f00cfd01f101fb00ff00180000000e
0557.png,ffffffffffffffffffffffefff8efc06f800f000800001000000800000000800
0558.png,b194c2f847f87cfc5dbcbd3eb51e7106c307e306c387d79397f39feb80010000
0559.png,0000d83c1a0ec07d06ff84efe1fe47e16fec59bf2c7788f7f810edb0e1f2c030
0560.png,00000000000000000000082010b3fff7fe82fe37fc37ee7bf75fffffffffffff
0561.png,0000208c724272ce6ac0fa4afffffbdffbdffa5b7b5f7a9f020103de03cc0000
0562.png,ff80ff40fec0fcc079e001e003e003e007f007f00ff00ff01ff01ff83ff83ff8
0563.png,ff78fb7fc9f96d70fffcedb8e81cc03c389bfc06bf863e04fe00aa02a0020000
0564.png,07e003f003bc1fbc5afe7ffeefe3ffc3c7c18fc1cfc1e7c06380038003c007c0
0565.png,0000070000000000000400040fe37fe7ffbfffffff1fff7fffe77e6717fe14f0
0566.png,ffffffffffffbffffecf3bc42b642d043a000a80dfb035204824060008200a00
0567.png,17ce579c17843f847f85df845f941fe40fcc1c4005c007f00f202ff03ff07ff8
0568.png,fffffffffffffc3ffe7f8061c0e780008001c02241a241e201e240224022e5ff
0569.png,000000001fc00ff01ff03ff87ffcdff4ffc429206bfc7ffe7ffc3ff807200000
0570.png,4f80e780e781e2a2e6b3f6a2f623f783f7c124216623e7a1e6e1e7c1e780e780
0571.png,117f13fc7ffdfdff61ffe1ffffff7fff60f8c05c800880009000f80054000400
0572.png,ffefffffffbf77fff7ffc07fd00f82805fc01fe007f800f80038002040000000
0573.png,0000000000000180018001c003e023e01f70693f7bff3fffffffffffffffffff
0574.png,7ffcfffcffbcfe1cfc0ef80ef006f000f030f03df105818701bf017f00370018
0575.png,07c3878303828fc68fc28f838d43c303c387cc87cc87e483e003fc03fecffeff
0576.png,fffffffffffffdfff93ff9bff39fe39fc28f8043000004000000420000000003
0577.png,4f1f0dbf4dbf87ff034571f7f0f3f380219ee1defc1eb83c301990018040c0f8
0578.png,fffffe7ffc3ffc1ff81ff91ff81ff80f00003008f00ff00fe00f600640064002
0579.png,fffefffcfc7ef007f006fe0fec0fec07cc07e007cf030f08fc06e404c004c404
0580.png,8001c003c007c03fc3ff7fff7fff7ff77ff7fe74db00fa00fe40ff0000000000
0581.png,1fff1fff1fff1fff3f0f3fdf07f843f047d07ff807d407d401d0008000000000
0582.png,003802b4141e003e119f001f001f14ff01ff0dff0fff89d2d9d279fbeff86dd1
0583.png,fff93be8a3e0a3e0a3e0e3fff6eff823f0a3f000a0202018a08fb1bff90ff000
0584.png,82008800f000b601b001b021ffff808183f0defffd7ff8edff6de3849c77c3d7
0585.png,ffffa39e31b000020400186c942cefcfaf843e0f0000000027efe3ffffff37ff
0586.png,fffffdfff8fff07ff07ff03f804f866307f803fe400f8007030f000700000e80
0587.png,0009000100000f84ffe4ffe7fff3bffffffffe7efe3ef620fc007c0138000080
0588.png,33f63bf73bf63bf73bf539ec7af433e630a600600000200078a07be079f01ff3
0589.png,ffffffff7fff1fff0fff201f00072003000000000000c000ffe0fff0fc30fe78
0590.png,fff8fffcffffffbfff07ffa7ff07fe07ff83fc03f80100000000000000000000
0591.png,ffcf3fff23ff01fc41fee5fe20fe625a06320e3c5f3c0c3c143c38005010fa00
0592.png,37fe3ffe7ffe7ff6fffffffeeff47f847f881f88038001800000010001000100
0593.png,ffffffffffffffffff7fff7ffe7ffe7f064d0000000000000000000000000000
0594.png,064c300cf308f7c0e7e0eff0dff91ffe1f3f1c9b19cb00e16030fc38fc0c6e04
0595.png,ffffffffffffffff3fff1fff07f001c0000001c003c707f80278023002000000
0596.png,41f1d7f3e3e7f7e33fe32e633e22fe03fe00fa00fc00f600f600fe00fe00fc00
0597.png,ffffffffffffffffffffffffffff0000000001e01f001e601000000000000000
0598.png,8f380e181e800d00010003000700208031dd3ffd3fff1fff1fff1fff1fff0ffe
0599.png,7fff00ff00ff00ff003fc057c2978807e003e001e004e00cff84ffc6fcff01ff
0600.png,0000002000e00380066009f007f81cf8fcfffcfffcfffcffffff3ffe1ff80000
0601.png,3ff07cbc77dcdede7fa0fff8393f004f203f8c1c073c0b7e027f062e011c0400
0602.png,bffffffffffcffffffff018000400180d000fa00f100bf007f804f808f801f00
0603.png,0ef8f1801ff807fd3ffc7ff6ffba61e8803fb01e800180036007fcfd83f408a4
0604.png,013ff8f7ffbffffffefffd7ff63ffe3f7a1a801803000300010000008000e00f
0605.png,ffe4ffffffffffffffef178f0088018900000000000068c800c8fe00fff0ffc0
0606.png,81e0b180ed80cfc045e0e0c0e0104588c680fe287c6ffc7fffe1ffe1fc3dfc1e
0607.png,ddff1ff8c8f7cff46be47bf07bf01f700ff00fc01f601d40cb80c980f800b800
0608.png,0000000f000f000f000f100f000f26e026ef301fe37fffffe37fffffffffb80f
0609.png,c400ffffc07fcaffc2ff40ff009c80978007000e0006c006f002f827fffffffe
0610.png,387e207e601f601f710f770f448761870397471745975617731f7f0b38173c4f
0611.png,ffff7fff3fff0fff07ff03ff03ff03ff01ff020f006b00068003808061400000
0612.png,fbfffffefff0ffe7b7c6bf008c0e01fc80400000001180038007801fc07fffff
0613.png,fff8ffffe06f20030007002709a7100600030000249224b6bdb79fff3fffffff
0614.png,fffffffffdfff9fff9ffe07febffe03f0b80000003c0000002401f80000003c0
0615.png,07801ce47ffe38bee3ffef1fe20fe00ff607df079f8f0f1f1e0f000700030003
0616.png,1fc124b00f99e31e060304003c407ffbecc748ecd938be7f3e7fc7dd0303337c
0617.png,40801041d0275096ce07ff2cffcc0ccc043807f8207f00000a7fee7fdfffffff
0618.png,3ffc3ffc3ffc1ffc1ff01bf017f007e007e003e003e0c1e0c1e0e1f0c0f4c0f4
0619.png,bffd3ffe6ff89a383801b8073007a40720070c07f407f947fdefe027c00f0c1f
0620.png,ffffffffffffffffe3ff07ff027000fe01ee01e801e000e000c0018003800700
0621.png,ffffffff2fff0020c020c7200fe01fd8001803ae03e7c0bf807fe07ce03ef00e
0622.png,000303000780efc00f87c98119fff3b2f9f0f3c7ff004370bff0fbf87be04ff0
0623.png,1fff1fff3ffe3fff3fff3dff71ff63c6674fe3c607d002880000000000000000
0624.png,0200030003c0dfe4dfe07fd07fc01e401f26fe3fffbfff87ff804fc00c708bd0
0625.png,ffdfffffdfffc007e006e007e007e007e007e007e007e007e627c27fe008fe00
0626.png,0000004007f03ff83ffc1ffc1ff01ff03ff03efc1ef80efc04fc00fc01fe01fe
0627.png,0fff0fffff7ffe7fff7ffb7ff80ff00fc003c0038000800000000000c007fe7f
0628.png,ffffffffffffffffdfffffffffff0e3100000000024003400300000002400240
0629.png,3ff07fe07f107c007fe07ce079f021f001f0fffcfffffffd1f5d000100010000
0630.png,1ff03fd03f801fe01ff20fe027f80ffc1ffc1ff01ff807f807f00bf002f00140
0631.png,fffffffdfff6ffc0fff0fffcfff800700000010001f000fc00fe007f00380018
0632.png,00ff01ff01ff01ff03ff03ff02700007003f00ff01ff01ff03ff01ff00ff007f
0633.png,007f007f01ff03ff03ff07ff07fe07f80ff80ff80ff80ff80ff01f8039003000
0634.png,83ff0fddb28de805424440454063403f0037007f005f00df21ff1fff17ff1fff
0635.png,e42ee106fd8e7d8e0106258e848eacaec48418803b007e00fc04fffeffff07ff
0636.png,03fa0000000000300037809ff9bfdfffffffefff0fff0fff003f003f001f0c0f
0637.png,ffffffffffff7fff3fff1fff0fff05ff05ff03c6000000000000000000000000
0638.png,0ff007f007f007e00ff00ff00ff03ffc3ffc2ffc0ff00ff007e007e00fc007f0
0639.png,00048c0c0f6e0fec99fcc1fc80ec18ec785cf83cf97cf87cfc7cf878fc10fc08
0640.png,fefffefffffff0fff8fffdfefc80c0fec1e281e0b000010001f8017800000000
0641.png,a3007f00ff00ff04ff04ff20f00000be00befc00ff90ffc0fe78ff38fe1cff00
0642.png,ffe5ffc5ffe1fffe8ffd87f7e1fe01de470e00010007800d9d007e0124807880
0643.png,fe7dfe7fee7fee7ff67ffe7fd67fde7fde5fd80fd00000000000000000000000
0644.png,0d839cc73e8f3f0fbf8fbf871f8f8fff03ff03e730e1c064186800003c0c7e08
0645.png,0078007801fc3ffc7fb6ff40efc4f3e721e720670fff0fdf0fc10ea17200f000
0646.png,fefffc1ff80ff007f007e007e007c007c003e003e007e007f007f81ffc2dfff5
0647.png,7ea0feca0bc207817e0118413bc1f0606030c3e300faf837c7ef819f17fecf7f
0648.png,3ff87ff842c05ff8bff83ff83ff83ff8bff83ff83ff8000000801fa200082000
0649.png,fefcffbefd70fdc0fce8d83cf18325205f13d4683bd0fca0fb40e900b2004c00
0650.png,00000000000001800180199011c8018077f0fffbffffffffffffffffffff0f70
0651.png,1e001f801f801fc01fc01fc00fe007e01fe02fe01fe03ff03ff83ff83ff837fc
0652.png,086000000000e000fff8fcfef8fef83ff03fd03bfe21fe01fea9feb9fe00fc03
0653.png,7ffe3ffc1ff88ff08ff08bf0abc5ffff3d85308d300e601320130003818301e3
0654.png,ffffffffffffffffff3ffefefefc3ad803f80380324002000000000000000000
0655.png,07ff39fffefffff85fff0ffa0ffa07fac27f9a5f3c072c000c00040004000000
0656.png,fff2e7f1e7e1f561d137423b06fe0477383a901bf0cbf84b01d80cfb000c0687
0657.png,e002ffc0fe00f00000000000170006e6ae60efe887efe6f7f077fc7fff7fff1f
0658.png,0000ff9cfffffcfff03ff03fc52fddafcdad0fb9ffa3caa26300220008000000
0659.png,0bf619ff33fb3ff3fff2fffef65fc6c747cf01c7010301030207060306010c04
0660.png,97808300fa04c0068007004704e2c46ec64fc6dffddeecde7ddeffc6d98e9b9e
0661.png,0fc00fe01fe00fe01fe01fe03fe03fe03fe03fe03fe03fe03fe01fe01fc00fc0
0662.png,7f7cbffcff8eff8eff9efd8fbc07c004e000f000e8007000f800fe02fe007fa0
0663.png,000600060006000400091f6dffe4efe0ffecffc0bfc1ffc3ffcfff43ff013fc0
0664.png,23fe03ff03fe07ff018101010f293f2f0aff01ff00261b971f80ff50628cefdc
0665.png,7ffe7fff7fff7fff7fef7fe77fe77ae372036013400720070000000000000000
0666.png,0000000000003c007e00fffcfffcffffffffffff7fff07ffc1c1e040e000e000
0667.png,fffffffffffee08060000020002003f8003e001f700ee030e0f0ffecfff03ffe
0668.png,7fffffffffffffffffd4ff007c00c801c00120070ec306c322c304c018001883
0669.png,060004282c7f7cff60f12f820b6207e10c8f0ea11781ce5efbfef89f19ff854f
0670.png,00e00fe84fe68feefff3fff37ff3bff027fe27dd0b81000110706800c005c00f
0671.png,7ffffffdffffedf5eddaf3fbf3d32067802080208020102010203020e061fcf0
0672.png,fc0fff00ff32fe12fa32fa03c423bf63fbc1e981e080e020b020b010c01fffff
0673.png,fdbfffbffe7f7e3f7e6e7e6c6a7c067c0e7836686464c8121011100821844004
0674.png,ffffffffffffffffffffdfcfffce03c4f0c0e0c0a00084000000100010000000
0675.png,1a308c300400003f01e803fc43f867fb77ffff9ff81f7d1f641704017c007fff
0676.png,fc00fe00fe00fe00ff00ff00fe00fe00fc0ce01ef006f03fed7f8600e7f8f3fd
0677.png,000000000001000f003fffffffffffbfa01f011fffffc7ffffe5ee01cc01c001
0678.png,00000000000200027802be220f5a067b0f790ff90ffb0ffb1ffb9ffbffdfffff
0679.png,ecc7e007631f231bfb0b6f9be7b7e73ff00fe80d580d181e081f001fc03f001f
0680.png,1ff83f7c3e7e1e7f1eff07ff03ff60ff787f7c1f3c4b1c720c70002000000000
0681.png,0280038001c03ffe93be0048001b0036009f00bf809fd0ffe0fff9fbffffffff
0682.png,fffffffffffffc0ff003c001c000c003c00ff81ff83fa63f9c5ef80620008000
0683.png,c000d830f038f918fb1cf35cb99cb9dc99febcfdbcc3bdc33c803dc03cc13c01
0684.png,fffefffebff8fff8eff8cfc00fd04bc001c010c403c0018007c066cc67c423c4
0685.png,fffffffffffff6ccf680f200f890fc50e410fc18d000c000e200ce80dc80ff80
0686.png,1cfc141c1c119034f814fc000f00d5c0c1c1c341c163a56f81ff87ffcffffffe
0687.png,03ff83ffc3ff6bff43ff79ff20ff00ff003f000f000f0e0f1f010f003f801c00
0688.png,2878071801e004e1018f00c700ff01ff83ff1fff1f80fb80f3c077e47ff0fff8
0689.png,03e21ffc01e001ff1fff7fff7fff3fff0bff03ff03f303000700070006000600
0690.png,cf39b8dc19c4ff6bc631e67b398c11ccef7fc6233e67310c000f0c5886e82387
0691.png,ffffffff7eff7effae7fee7fee7fec3fe01be00be002c0000000000000000000
0692.png,ffffffffe7ff00ff003f003f000f000f000f001f003f003f003f00ff00ff0dff
0693.png,fffffcfed3bc8dfcbdfdadbf25bf16ad022d007002881280064404e404f604b6
0694.png,000000003a00d00000006600f7c0fc00fda0ff90ff30fc67ffafffffffffffff
0695.png,0e8026803380000031047bc47ff47ffc7ff6fff09fe00f400fd69e564b42fffc
0696.png,000001b005e80ffe7ee67faf7fdf5ffc1f8c1f8c1fc80dc8c800f800f5ff007c
0697.png,fffffffffffffffefffcfff8333813f882c8e0b0801000002010002400340026
0698.png,3ff8cffd33dfa287810700061272077a0ffe02ff407f407b603fe09f81cd870c
0699.png,000000000ff01ff0fff0fff0fff8fffcfff8fff0ffe03ff0bfe0b00000000080
0700.png,0000011428143c1c100c20062e7c3ffc7ffefe7ff81fc001c023f81fffff7fff
0701.png,fae1fbd0838cc02e787e7fff1fff003e0660076e0740071f073f0fff1f800600
0702.png,603162017001740344e144f1c6ffe7fff2fbf77bf739f319f3196319830b0211
0703.png,fffffffffff7f53bf99bfbf1fff1fbf169710078006000600061800180000000
0704.png,00100ff84ff8ff9a7fb37fd37fd30880144c186c187c247820782038fff827ff
0705.png,fdfff8fff85ff85ff85ff05ff09ff09bf00bf043604178c16b406f0008000000
0706.png,ffdfffcfffcfffcfff8ffc1bfe43ff03f80300030003000300330033000f0007
0707.png,fffffffffffffffffffffffcf7000000001c10000000fffe00ff000000000000
0708.png,151f171e171e13fc17e013cc0b1e0b3e0bff0bfc07fc07fe07ff07fe030c00c0
0709.png,000000c3ffffffecffe0ffc8ffe0fff0ff00fbe072c21001000013003fb39fb0
0710.png,ffffffffffffffff8e0300030007010f011f031f001f000f000f003f007f20ff
0711.png,fffcfff0fe10f800fc00e100f00ae8f4e059f1f1f0e0f8e0fcc0ffc0fe00fe00
0712.png,ffffffffffbfd08200010001a30333cd180b535b556304726fe26fc247c20bc4
0713.png,fffffe7ffcfffefffcfff9fff9fff1cfe2c46180020002000200000300000000
0714.png,00030fffffffffffffffeffffffe6be070002008000000300e09037b01730003
0715.png,ffc0f000e0000000c000af803fc003c043009fb88ffe87ff0fffbfffffffdde1
0716.png,30064646104f3ecd3e091fb73ffb1fffc7fff1ff003f01c7000b16111e100bcc
0717.png,00000fc00fe00ff00bf00bf801fc01fc01fe01fe06fe1dfe3c993cff3dbf339f
0718.png,0000000000f803fc2bf81ffc3ffc3ffc3ffe1ffe73fc17fe7ffc1ffc00000000
0719.png,a7f8a7f8f7f8fff8fff8fff0ffc0ff80ff00f000f000c6009800300000003fff
0720.png,ffffffffffffffffefffe7ffc327e187c0078007800700070021000100000000
0721.png,07ff07f004a005fc01fe37feb06ff84f7f671be70c67061c200007fc07fc07e8
0722.png,000000000f000ff01ffa0fee7fee7ffe7ff63fe60f660fe01e601fc01fc01fe2
0723.png,000e000e00e000e200e000e007f00ff01ff83fff1fffffff0ede1fd81fd8bffe
0724.png,00008000f0000c000070007ff87ff83ffe07ff27ffe3ff03ff01fa22dfffc37f
0725.png,00040002000100033f067ffeffec39c803000c003838fffefffcfffefffcfff8
0726.png,7fff7fffffffcfffcfdf47dfc00f4007400fe00f600f000e000f20070006000e
0727.png,008f0087026f027f004f0e5f1e1b1e071f073f0f710ddf01df88bf88bf0afffb
0728.png,f80ff81f7c0f780f700f700f700f700f7007f607f447f067f063fe43fc02f900
0729.png,1fe31fe73fe72fef3fff3fff0fff0fae0783078307010e81038003800f800180
0730.png,dff01e40de00fe40df80fc007f007c04bd99e618c2f8f7f8c7fcdff8fde01000
0731.png,c00080010017001f00ff01fe0ffefffeffdeff4dffc8ff5c9c5c5c1e4894c010
0732.png,ffffffffffff3fff07fe07fe07f81ff01fe00bc40bf00b800000000020001c00
0733.png,df7fdf7fbff33f82288ef03cf01ec01fc03cc031c03dfc3fc42fc01fc01c0000
0734.png,77827f83ffa1ff80f7840a8007f01ffc3ffe3ffe3f161edc0ef803e080000003
0735.png,1ff01ff83ff47f103fa83fe03ff81ffc3ffe3ffc77fc37f01808040000000000
0736.png,1fe01fe007e000c00c1008000201d703f7c0ff04ff7ef7ff73ff0fff0e7f00ff
0737.png,fffffffffffffffffff307ff0fff27bf04870086000700030001000100000800
0738.png,00000000000000000380fff0fcc0fd00ffffefff3ffe3ffe1f763ef4ffe0ffa0
0739.png,e07fe07fe0f4f1f9fbfafefaf578a6d827f8233803b81338131c920c100ca00c
0740.png,0000070007801fc00fc027ff1fff0fff17ff9fff09ff805f7804fe00ff00ff00
0741.png,3fff7ffffffffefff8fff01ff01f301f310f100f000700070007000f000f0001
0742.png,ffff9fff9fffffffffffbefc987f591f141c004d0e60104000000b9000000000
0743.png,ff7ffffee41fe81ff80fc00fa00fb007900b80070007680f6c8d0dd701b746bf
0744.png,0000000100ff6ffffffffffffffffff003c003f011f0e3f0e3c0c200207002f8
0745.png,ffff3fff3ff63bd003d107a247844388e319a1038007c00fc00fe00fe03ff03f
0746.png,0001001c023e1e653ef93ff93fb9391d799c79bcdafc9ef49c60988050bee0fb
0747.png,1f801fc01fe04ff091f081f8007810fc59fc28fc367cf77c7bf81cf868f838f0
0748.png,fff07ff07ff13fe13ff13ff13e703ff03ff00ff00ff00c700c7007f000000000
0749.png,7ff7cbfff3bff7eff1e5f820e000e401a0007021f840f811f007f003f007f88f
0750.png,00000000000000000039ff39fb7ffb79eb7fab3f2b7f010a1379b37df3fffbff
0751.png,7fff7fff7fff7fff7fff7fff1fff1ed801c8057c00000042c000400200000000
0752.png,fffffffffffffefffeff9ef31e9310c000406044204620000000c00071cf6641
0753.png,01800100014001800200063838bef27efefcffffffc7ff03ff03fe13fc17f8ff
0754.png,108078c07b48ef30f3388ffceffff7ffefbffe7ff3c3ef7f0000000000000200
0755.png,738740041cacff7dfffffffff7ff39893188210828003a0062006a203f6aedd2
0756.png,6000f000f000d800f000f84cfc4cfc77bd272d273c2f7c1f7f1f7f9f6d974f93
0757.png,00060ce60fe007c10ba00f800c040e600e4b0ef31ef31ee6becefecefe7fffff
0758.png,03ff03ff01fe03c001c001f70157014700ff04ff0fff077f047f05ff073f033f
0759.png,00300100000001010107005f017f01ff04df84df89df8fff17ff7fdfff7ff7ff
0760.png,ffe6ffc2ff80ff807b80bf80c700f800d8007fc00fe00fe007e018007ff8fffc
0761.png,442244aa7fef7fff80f980018001a041c06dc003c003e001ee17ff1fffffffff
0762.png,61003ffe0000ffff0880ffff0000ffff0000ffff0000ffff0000ffff00007ffb
0763.png,ffffffffffffc7ff83ffc1ff00ff003fc20ff8077e0701870003000000000000
0764.png,e000f800fe00ff80ffe0fff0ffe8fff0ffc0ffe0ffc0ffe0fb40f00088008000
0765.png,1ffe1fff1ef61ef41c7e1c7f8cff9cffac7fac7f2da601a803a80008000000c0
0766.png,009800f803f0e7f8cff857f8e7fcf7fcf7f85bfc1ff619f011f821c023c00000
0767.png,c001e000c1e0c47c903ff13fe1ffe1ffe1ffe1f8e1f8e1a0e180e100f907fca7
0768.png,78203c207e203f203f241f3c3f2817300ff01ff03ff03ff03ff033f03bf01ff0
0769.png,ff10fe90ff10ff90ff18ff14df90df9cfe18de90de989e009e089e001e005e00
0770.png,7fff07ff1cff87e1da0075c06fc03260eb805f80de000f00be00fd00ffc0ffe0
0771.png,18f01dfc0f3c4fd81ff01ff70ffe0ffa1ffe0ffa1ff833f001f003f000c00000
0772.png,f81cf831f833fde7bdcfbc9fa83fb827b876a88c31d8039027800fc00fc01fc0
0773.png,f0eb81bfa1ffc0efc0df4049407dc05fc059e07ec042e943c9e58134c81dfcbf
0774.png,d100b980838311c323cfc3fd03fe03ff033e5bfe573e983e907e081f801fb83f
0775.png,ffffffffffffffffff7f00000000009cfffe03b9d2c000ba0175010a00580000
0776.png,7ff674e730e6107f11ff1aff0bff083f143f041f021f003f017f00ff001f0033
0777.png,000301cf07ff0ff81ff83ff87ff87bf837f87ff85ff86ff81fb00e0000000000
0778.png,23fffefcffcb3ffe24f00000ffffbed03ffe4c7f4c1f000100000e90c402dc80
0779.png,fffffffffefffc3ff83ff83ff05fe00fe00fc007c007c0038003800380028000
0780.png,800000000f80fffe5dfb2fef0f5e070f91810c8038d07ecb7ecd3fcf3bfc07ce
0781.png,fff0ff60ff60f700f300f980fe00ff00ff00fe00fe00fe40fe40fe40fe40fe00
0782.png,000efffec446c446c446c44ffc46fe46c446c446c447e446c446fffefffe400c
0783.png,ffffffffffffffffffe7e7864184410141838183078bc373320001000020001c
0784.png,fffefffff3efcff39ff9bff9bffc3ffc37bc242038d810001000000000000000
0785.png,fffe7ff87fe03ff02ff03e705c08fc08fc00fe007f007e087e007f08f500f080
0786.png,0000004001800fb47fb4fffcffffffefcff1af7cafed2f2d2b0c430c070c0408
0787.png,237e023e001e301e201e101e101e33de0fee87ee8f6e8eee4fe7fcf2f9f019b0
0788.png,ff00e3002380f7e0fec03010f23ce33c057e05fe41f6e1f6e1f6787079f079f8
0789.png,ff3fff15fe1ffe07ff04fe01fc01f801e181c001c00080018007c007fc7fffff
0790.png,002048006000318067806fc47fdc3ff83ff83ff87ff89ffc8ffc4ffb03c7010f
0791.png,fff7ffd7ffc7ffc7ffc63fc01f81ff85fa01f9817b8100000000f900f8004000
0792.png,000000000000c0f3f017b83dfc3fbffdbffdbdfdfc3ff81ee00e60070ff01ff8
0793.png,ff7fff7ffc7ffc7fe47ffc7ffc0ff80ff80fe00fc000e0038003000200010001
0794.png,00180ff80ff007f43ff63ffe7f7e7ffe3ede0200066006f007f00ff007f00670
0795.png,ffdf83db648aff0bcf06dfc69f8687c2e7c087e088000000ca010a81fa97dfff
0796.png,0fc607d623f63ffe23be039907cc07c71be01bc83fe87ff467e0e3e8e0688000
0797.png,03b405801fe02ba03fe01ff00e7e1ff813f203f81bf413f03dfc1dfe01fc09fc
0798.png,0383038303ff03ef034e0101084308f39913f82bf80ffc0ef7e7f023fcfbfff8
0799.png,ffff7fff7ffee3cef1cef08ee00e400e000200013e007f843fc39f81da01da00
0800.png,5e205c60bde01be41bee0390019073b42330a393a3970bdf99ff19ff19ff01de
0801.png,3ff81f700fa00c82c487ff86fe0ffe1ff717f71fef07ff03ff00e2000200c000
0802.png,05ea00431ce51bf81efe3fdb1e4119edcf6c82fe39fa3f681b7d337007900182
0803.png,3fef3eff3f60180003200be81ff8197c003c082b3c236fbcffd5b762c2f7023c
0804.png,fffffffffffedd7e5f381632126e1f7e001f000f0003800100410007c079fc3b
0805.png,05c004200e000e0e0e460c030cc71fff5ffffffcfffcffb89cb8813827703fe0
0806.png,ffdcfffcf3f8b1f0c0c0e1f0e3f0a0fb003e0100000000003be06ffe2dff1fff
0807.png,63c06384000030002008e3ece7fcf3fce3fce7f8e3fce3fce388f7c0e3e0e1fc
0808.png,ff80fff8fffffffffff7ff943f0e7ffb7ffc01bc0000000004003c0010000000
0809.png,33e8ff003fc03fe007f807fc07f907fb077f02bfc09ee017e023e008f238f278
0810.png,fc12ff9b3d3f6027c6c740c38043c003c303f203a607900fc03fc07f73f3f3ff
0811.png,1fec1ffb1fff0fff01ff013f6007d400fe00fd00ffe0fff0ff809e008e000800
0812.png,00000002001f067f0e7ffc7ffe7ff43efc3ffc3efc3efc3ffe7f0000024003c0
0813.png,fffdfffdfffdfdfffc7dbc7cb9f8b2f886480608030a03c60102058210001800
0814.png,00000000000000000000000003ff07ff7fffffffffffffffffff0ff707ee03ee
0815.png,0800e010f130f3b0f278f7f07ff0fff0fff018005101fb83ff84ff1756115be0
0816.png,3fff3fff3ffffffffffffeff001f200f000100010001060300e1000138417f8f
0817.png,ffbfff8d7f017f017f007b006301570317874fff03cf238d07d807901f801f80
0818.png,f3e0f9f0ffd8fffcfff4fdf4fdc00fc000400000004000000f001fec1fff3fff
0819.png,00f3c4bff9effdaff18f2107c007e007e007e003e016fe17fe07e007e60fc20f
0820.png,ffffffffffff3fff3fff3fff07ff87ff07f88000580058000000000000000000
0821.png,e3e367e2a3e40bc8f55f1a3cca1f1c040e1efe1fec0c996003cde3b087e827e8
0822.png,92c0eac68340c964eff09ff8bffebbfe3bfe1ffc0ff841f801f0007000f00860
0823.png,ffffffffffffffffb1f9e8007f000f008d004e007100f100fc00fe009e008b00
0824.png,f80efe7ffffffffffe7ffdbefffcf22c32282044004020402000200000f8037c
0825.png,fffcffffffbcf0a0d280dfa019401080f000f1a07e486000f700f7fa1fff001f
0826.png,fffffffffffffc3fc003e0078001c003fbdbbc3f0010002247a204a27eff0000
0827.png,f380238037801b801384039e7f9e1f807f907f8367883f8d7f8b7f8e7f8b3f80
0828.png,f2a0fee0ff40ffc07f803f901ff81bf801ff00f100780038007dc1fe85bfc7ba
0829.png,073c7f7c7ffcfffc0ffc53fc340c3e6c03f803c001873625304e380a380a3f94
0830.png,fffffffffffffeffe837e407e347fb647b600b600180f00000008000e003c007
0831.png,ff3cfe7df905e1c2c37f000e02079e7fdffffffbfff0f380100000001fc00400
0832.png,8e7f1cff08ff42ff007f10f800c840dc20cf20cf60406000d100ff87ffbffeff
0833.png,1fffffff7fff0007010100010009001fffff3fff00ff60ff00d96cc10491038f
0834.png,fffffefffcfff0fff0fff07ff03fe01ee00ec0014000000038001800183279f9
0835.png,03f001f038783c1f3f7f137d0df80afe18ff31ff03ff007f007f00f801f801f8
0836.png,fffffffff8fffaff72071f0fff0700009010bf31f111c010f000f000c000cfe0
0837.png,fff8fffaeffac7f806810e400f200fe01ff0f8b0fc00dc00740fc81dc498fe18
0838.png,7cffc2efc1eec1ef43c767cf3fdf3fc73fc11ec003801c001e001e003f001f07
0839.png,000000000f001fc03fc020608c20ef30ffd0ffe0fdc07880787f6fffffffffff
0840.png,d000a40096601e293e1f7e1513f7634bcbe34bf0caf34f7f8ee21ea50fbd4e44
0841.png,fe7e7e3e7eff3ffe3fff3fff0ff307e700230003028002c003f00246000e007f
0842.png,fffffffefc78ec3f603f023f09bf09fa0cf80c310817001f000fa00d201c707e
0843.png,81f081f087f087f08ff08ff08ff08ff88ff09ff08ff08ff083a081a081008000
0844.png,fff0ffe0ffd0ffc4ffccffcffffffffafe07f401f810b0006000000000000000
0845.png,000008500ef00ff00fffffffffffffffffff0ff00ff00ff00bc002c004200000
0846.png,ffffffffffffffffffffdffff7df07cf03c40382010000000000000000000000
0847.png,fffbfff8ffc0fe00fe20fce4f66cfe00cf8003b043118001c000e001e07ff1ff
0848.png,ea08fd18ef10ef38cc38646c243c341d1ac01fe015381df07df87fee7fc03fc0
0849.png,6ff04ff027f3c3ebc569405880180258100b1a0b7b2a7b787f79797db8687f72
0850.png,fffffffe3fa04cb4013300c2071c1c3cf07980b901b103b701ff017f01bf13f2
0851.png,00000000000000004084a0a4fcbcf7aefe74fe7cfe3ffcbffc3ffcbffd1ffe1b
0852.png,014003c00fe00fe80ff80fbc1f9cbfbc7f9cdfbd5ff8c8f84eec4cc760076001
0853.png,0000000000000000000000000f004f007fe3ffe7ffe7fff7ffffffffffffffff
0854.png,01ff3fff3fff3fff3ffe0fc018000e009980bfa0bec0be00ff00ff00f4003c00
0855.png,ffffffffffffefffe00fc10f4107e343e023c561c241428102c002c007c007c0
0856.png,1ffe3ffa1ff81ff80ff8bff8fff8fff8fffcf7b0f38062008200000000000008
0857.png,07e80ffe0bfe25ce341e2414649861d831d319d31d831c9d1e3b327a67f307f3
0858.png,427881b08a78f070fff01ff07ff8fffcbffd3ffcdffc47f8c200600020800040
0859.png,0005003f03ff7ffdcfc2fe00f800c000e02ce07086708fce8fc0e7e0f7fffffc
0860.png,0300030001000100c5004200e30067847ffc7ffeffff3fefff74fff4ffb4ff91
0861.png,5ff87ff83ff01ff01ff80fe00fc00fc00fc00f808f80c3c0dbc41fc01fc0dfd8
0862.png,01f807fc07fe07fe04ff001f001f007f013fc13e811e011f001ff00f7fc77fff
0863.png,ffffffcfff07fe07f83ff87ff87f007fb03ff0bfe03f00000020003100300000
0864.png,caf8d3fedbf0dfb0fff0cfe09e009202c20203281ff80f800ff80fea02bb02ff
0865.png,ef1ffffffffffcfdf67ffe7fff63f737023f000fe00f00030000000000000000
0866.png,ffffffffffff347f1e7f01fff3cf87f967f107e607e0001b0000000000000000
0867.png,ff00ff00ff007f007f20bfa0bb80c300ffe0bff08000bbf89bb8fb98ffc8d840
0868.png,3ffe3ffe3ffe3c3e7c1e7c5efc1efc3ef81ef81cf81c701c7818180008000000
0869.png,ffffffff3c7f0c1e0c3807f807f001c000041000000000c815d0fffffe3fffff
0870.png,a3ffffff87ff7d0fe81fc03f873f831f0c7f0c3f005f000702000019820b8fc8
0871.png,e0787f003f809ff81ff039fc63f02ff307467f077f0644e4017e011f01e910ef
0872.png,fbc0fc50b3d0f6b8ffe8bdf89d6ca196c37cb16e888c013813700be067c07bc0
0873.png,ffffffffffffffff1fff3a2a0000c04000e083c00060637c6bfc01f0203000b0
0874.png,fbfffbfffffffbdff9cfd1cbddfbc183dd9b8080800080008000c008818007e0
0875.png,6fe3a200e3fc7fffe0006d926fd73c84410055227821be603fe2bfe0bd60bd23
0876.png,08ff00ff007f04e78f839dc3be063010104113e23ff62bdcfbccd3cab3c573ca
0877.png,fa8868103603af5513c3c3b3c3e7d5a3b945b70d19acbf11924327a5eea1ee43
0878.png,001caffe06700f7e0cfe1c7e3f363d3a7c3e1c3a343e243e2c3e241e3a0e3c0e
0879.png,000000000000000001000380f3c1ffffffffffffffffffffdff91ff803c307e0
0880.png,003f008f004f07e707ff01df01df03f707d707ff23bf030f030f07bf0f6f1e40
0881.png,000f800fcc079ee73cfffcef10ef21ff41bfe1bf49b801dc03dc231e9f386000
0882.png,350c6cbe73fef3fef3e7fb03fe06f847f107e113e097e017b007f00640050007
0883.png,ffff03ff007f0000de003f4007c280c3803b02f203ef678f1f9f3f39f83bf079
0884.png,ffffffefffff7ffe1ff83fdc1ff81ff01ff80c2002400e001400580818000400
0885.png,3ff031e53fcf7fff7ffc2ffa013e0f7e003c20703030303017031fc71f031302
0886.png,71f2f1f071fe7ffc33fe03ff027f02ff03ff037e010f01801380038c01fc1077
0887.png,7ff0fffcfffefffffffff3fff0ff3af01fa00fe00ee000c00000000000000000
0888.png,77ff77bf271f02e7527f747f7c1fffbf122d5059605a00b021e2318070807100
0889.png,fffefffffffbffd1f7c0e44384c4d387f0a7a45f00d100900030803880381638
0890.png,00000000e000fffffffffffffebffefffeff3ffc3a7e207e0060000000200800
0891.png,ff9bff9ffdf7f7f9ffdf7df8f208830000000008008c04360016c09837993ff7
0892.png,3ff83fe03ff03fe03fc01fc01e0000000000000203ff07ff0fff0fff0fff0fff
0893.png,fffefffefffc8ffe8f9f7c2d36292e21dc184262428a91d8b05c980080008016
0894.png,0000100e3007000100000003003f103ff81ffe1ffc9ffd9ff80bffffffffffff
0895.png,ffff00670043c180ff00fe0cf03b9180ef01f203fc07e01fc07f80ff01ff07ff
0896.png,ffffffff7cff3cff807f89ff817fc003400340e218f2081c0c3800700de007e0
0897.png,a97fa57f94bf52974a53294fa5eda4a4969652524b4b4bff2dbe24d094909200
0898.png,000007e00fe01ff01ff01ff81ffe1fde37d012f85af853f81ff83ff00df004e0
0899.png,3f80fe88ff40ff80ff83ff83ff30fb96ff070f011f100e182c009c10fe28f40a
0900.png,bff29ff283f38ff783f1b3c987c181f047f04cf400e4015c03dc077c076c076c
