Image Name,Extracted Hash,Computed Hash,Hamming Distance,WM_successful
wm_00000_transformed.jpeg,1001010111010011111110000111010010000011010110011111100000000101,1001010111010011111110000111010010000011010110011111100000000101,0,True
wm_00001_transformed.jpeg,1010110111000000011110010011101010110010001101000111100100001111,1010110111000000011110010011101010110010001101000111100100001111,0,True
wm_00002_transformed.jpeg,1001110111001001101000100110011000110111110101100110000000110011,1001110111001001101000100110011000110111110101100110000000110011,0,True
wm_00003_transformed.jpeg,1010011000110011101111000011101011000111011000110100010100011100,1010011000110011101111000011101011000111011000110100010100011100,0,True
wm_00004_transformed.jpeg,1110101011010100100011010101011010000100000010110101011010111101,1110101011010100100011010101011010000100000010110101011010111101,0,True
wm_00005_transformed.jpeg,1110110010010110100110101000100110010011011010011011011001001100,1110110010010110100110101000100110010011011010011011011001001100,0,True
wm_00006_transformed.jpeg,1011111100000100010011001111001110011100100101101000010011101100,1011111100000100010011001111001110011100100101111000010001101100,2,True
wm_00007_transformed.jpeg,1100110001001000111100111110011100001100000011001001011110011011,1100110001001000111100111110011100001100000011001001011110011011,0,True
wm_00008_transformed.jpeg,1001001001001011101011101010011000111001101001111010011010001100,1001001001001011101011101010011000111001101001111110011010000100,2,True
wm_00009_transformed.jpeg,1110001101010010110011101000100110010110111100101011100100000110,1110001101010010110011101000100110010110111100101011100100000110,0,True
wm_00010_transformed.jpeg,1100100111011001001101100011010011001100110111110001011100100000,1100100111011001001101100011010011001100110111110001011100000100,2,True
wm_00011_transformed.jpeg,1111000000111101010000111110101000011011100101111001011010000001,1111000000111101010000111110101000011011100101111001011010000001,0,True
wm_00012_transformed.jpeg,1011110000000011001001101111101011100001110001000111111000011001,1011110000000011001001101111101011100001110001000111111000011001,0,True
wm_00013_transformed.jpeg,1101001011110011010111111010010000000011100100100111100111000001,1101001011110011010111111010010000000011100100100111100111000001,0,True
wm_00014_transformed.jpeg,1101101110010010100111101110101101001000001101011011010000101010,1000101110110100100101101110101101001001001101010011010000101110,9,False
wm_00015_transformed.jpeg,1101111011111010111000101001010101100000100001100010000011011101,1101111011111010111000101001010101100000100001100010000011011101,0,True
wm_00016_transformed.jpeg,1101010111011100101000110011101001100010110100010000010101111001,1101010111011100101001110011101001100000110100010000010101111001,2,True
wm_00017_transformed.jpeg,1001000010010010100111011110100111000111111100001100100101101010,1001000010010010100111011110100111000111111100001100100101101010,0,True
wm_00018_transformed.jpeg,1100111110000101100011111001110011110000100000111111000001110000,1100111110000101100011111001110011110000100000111111000001110000,0,True
wm_00019_transformed.jpeg,1000000111111011000100111111000010011111001100001100000000111111,1000000111111011000100111111000010011111001100001100000000111111,0,True
wm_00020_transformed.jpeg,1100101100111101100001110010011000000101101110110100001100001111,1100101100111101100001110010011000000101101110110100001100001111,0,True
wm_00021_transformed.jpeg,1101100011001001001001111011010011001101011100010000111010010101,1101100011001001001001111011010011001101011100010000111010010101,0,True
wm_00022_transformed.jpeg,1110110100000000101011110001110110111001001111111100000000101010,1110110100000000101011110001110110111001001111111100000000101010,0,True
wm_00023_transformed.jpeg,1110001000010110000100010111100010111110011010011100000110110111,1110001000010110000100010111100010111110011010011100000110110111,0,True
wm_00024_transformed.jpeg,1100001011011000101001000011011000111011111001001101101111000010,1100001011011000101001000011011000111011111001001101101111000010,0,True
wm_00025_transformed.jpeg,1101001000011101010001010110010000001111011110110111001000001111,1101001000011101010001010110010000001111011110110111001000001111,0,True
wm_00026_transformed.jpeg,1100011000111001101110010010011011110011010010011100110000110010,1100011000111001101110010010011111110010010010011100110000110010,2,True
wm_00027_transformed.jpeg,1010000001010111011011101000100100111110011000101111101100000001,1010000001010111011011101000100100111110010010101111101100100001,3,False
wm_00028_transformed.jpeg,1101000100100000010001000011111100110011110111001101000011111101,1101000100100000010001000011111100110011110111001101000011111101,0,True
wm_00029_transformed.jpeg,1000110000001001111101110001101010001101011001101001100101110110,1000110000001001111101110001101010001101011001101001100101110110,0,True
wm_00030_transformed.jpeg,1000001100101110110011000010001110101101101110000001011001111011,1000001100101110110011000010001110101101101110000001011001111011,0,True
wm_00031_transformed.jpeg,1100000111100000000111111000011101111001100110000110011101101010,1100000111100000000111111000011101111001100110000110011101101010,0,True
wm_00032_transformed.jpeg,1100110000000000000001100110101110110111001111110110101010010111,1100110000000000000001100110101110110111001111110110101010010111,0,True
wm_00033_transformed.jpeg,1101111011000110101100011001010100010011010111010100100001101001,1101111011000110101100011001010100010011010111010100100001101001,0,True
wm_00034_transformed.jpeg,1100000110001001010110110101100111110101110101100100101000100101,1100000010001001010110110101110111110101110101100100101000100101,2,True
wm_00035_transformed.jpeg,1011011011100010111001001010010010001111010101110101100001011000,1011011011100010111001001010010010001111010101110101100001011000,0,True
wm_00036_transformed.jpeg,1000011101011100011100010001110100111001011010101010110000100111,1000011101011100011100010001110100111001011010101010111000100101,2,True
wm_00037_transformed.jpeg,1000010110110000000101101100111101001010110010110110110100101110,1000010110110000000101101100111101001010110010110110110100101110,0,True
wm_00038_transformed.jpeg,1011001010110110010100101001010001101100010010110110110101110100,1011001010110110010100101001010001101100010010110110110101110100,0,True
wm_00039_transformed.jpeg,1010100011001001111111011001110001101110111001000001100000001110,1010100011001001111111011001110001101110111001000001100000001110,0,True
wm_00040_transformed.jpeg,1001001011010101010010010110010100101111101001110011010111010000,1001001011010111010010010110010100101111101001010011010111010000,2,True
wm_00041_transformed.jpeg,1100001010111100001111110110000111001000011011100011001010110010,1100001010111110001111110110000111001000011010100011001010110010,2,True
wm_00042_transformed.jpeg,1101001000100101000111011110110010000001101011011100110110010011,1101001000100101000111010110110010000001111011011100110110010011,2,True
wm_00043_transformed.jpeg,1101011000011001000110001011001111100001011010110010110100110101,1101011000011001000110011011001111100000011010110010110100110101,2,True
wm_00044_transformed.jpeg,1011001111101000110011000001010001100011000000101100111101011111,1011001111101000110011000001010001100011000000101100111101011111,0,True
wm_00045_transformed.jpeg,1100101011110100000111111000001100110010000010001110010011011111,1100101011110100000111111000001100110010000010001110010011011111,0,True
wm_00046_transformed.jpeg,1111001110010111110010000001000001100011110101100101110101011000,1111001110010111110010000001000001100011110101100101110101011000,0,True
wm_00047_transformed.jpeg,1100110010000011010101101110010000101010110010011110011001001111,1100110010000011010101101110010000101010110010011110011001001111,0,True
wm_00048_transformed.jpeg,1010010010110010101101101101000011000011010010111100110100110101,1010010010110010101101101101000011000011010010111100110100110101,0,True
wm_00049_transformed.jpeg,1011010011111101001010011011001011010110100010001011001100001010,1011010011111101001010011010011011010110100010001011001100001010,2,True
wm_00050_transformed.jpeg,1011110000001011101100010110001110011000010011101100110100101110,1011110000001011101100010110001110011000010011101100110100101110,0,True
wm_00051_transformed.jpeg,1010111110010100011100000110101110000110011000100101110111000110,1010111110010100011100000110101110000110011000100101110111000110,0,True
wm_00052_transformed.jpeg,1100111101110110010011001000000100110110110000011111000101001101,1100111101110110010011001000000100110110110000011111000101001101,0,True
wm_00053_transformed.jpeg,1011100101111001110001110100111000111000111100011011000010001000,1011100101111001110001110100111000111000111100011011000010001000,0,True
wm_00054_transformed.jpeg,1101010101100101000111001110011010010110011010010000110100110101,1101010101100101000111001110011010010110011010010000110100110101,0,True
wm_00055_transformed.jpeg,1010000000110111011000011110100000111101011010111011001110010010,1010000000110111011000011110100000111101011010111011001110010010,0,True
wm_00056_transformed.jpeg,1100111011000100111111000000111011000011110000111110010001100100,1100111011000100111111000000111011000011110000111110010001100100,0,True
wm_00057_transformed.jpeg,1110011011001110000001111101110101110110110000010000100000111010,1110011011001110000001111001110101110010110000010100100000111110,4,True
wm_00058_transformed.jpeg,1100101011100101011001010010101011101001110110011001101000110000,1100101011100100011001010010101011101001110110011001101000110001,2,True
wm_00059_transformed.jpeg,1110001110010000010011001010111010110011010011101010100101001101,1110001110010000010011001010111010110011010011101010100101001101,0,True
wm_00060_transformed.jpeg,1101011110001001011011000110110011110011001101111001001001001010,1101010110011001011011000110110011100011001101111001001001001000,4,False
wm_00061_transformed.jpeg,1001101101100000011011000101001011001111101011000001000111011011,1001101101100000011011000101001011001111101011000001000111011011,0,True
wm_00062_transformed.jpeg,1101111000001101101100001011000011110101100101011111001001000010,1101111000001101101100001011000011110101100101011111001001000010,0,True
wm_00063_transformed.jpeg,1001111010001111100001101110001001100001110110111100100100100001,1001111010001111100001101110001001100001110110111100100100100001,0,True
wm_00064_transformed.jpeg,1111010011101101011010000001001101101011000010100001101110100101,1111010011101101011010000001001101101011000010100001101110100101,0,True
wm_00065_transformed.jpeg,1100000110110010100111011110010011110011011010110010010110001000,1100000110110010100111011110010011110011011010110010010110001000,0,True
wm_00066_transformed.jpeg,1100011111000111010001000110001100101011010100111001001110010011,1100011111000111010001000110001100101011010100111001001110010011,0,True
wm_00067_transformed.jpeg,1010000111001101110110011111001110101110100001000000010011110010,1010000111001101110110011111001110101110100001000000011011010010,2,True
wm_00068_transformed.jpeg,1001110110111010101000101010010101000011010000110011011010011110,1001110110111010101000101010010101000011010000110011011010011110,0,True
wm_00069_transformed.jpeg,1010101011001100100101001010111100111010111000101111000110000001,1010101011001100100101001010111100111010111000101111000110000001,0,True
wm_00070_transformed.jpeg,1110100010101101111001011110000100000000100001101101101011011110,1110100010101101111001011110000100000000100001101101101011011110,0,True
wm_00071_transformed.jpeg,1111100110011011100001001100110001010110010001100001111000111001,1111100110011011100001001100110001010110010001100001111000111001,0,True
wm_00072_transformed.jpeg,1010101011010101101101000000101011110101000010011001111011010100,1010101011010101101101000000101011110101000010011001111011010010,2,True
wm_00073_transformed.jpeg,1001011000011000111010111110011011110010000010111110000101010010,1001011000011000111010111110011011110010000010111110000101010010,0,True
wm_00074_transformed.jpeg,1100110110010110101010110000110101010110110101001000100100111010,1100110110010110101010110000110101010110110101001000100100111010,0,True
wm_00075_transformed.jpeg,1010011011110100000110000110100100011110110000101001111101101010,1010011011110100000110000110100100011110110000101001111101101010,0,True
wm_00076_transformed.jpeg,1100001101001110001111000011000111010011110011101100110000111000,1100001101001110001111000011000111010011110011101100110000111000,0,True
wm_00077_transformed.jpeg,1001100110101110000111101110001000001000111100111110011000011010,1001100110101110000111101110001000001000111100111110011000011010,0,True
wm_00078_transformed.jpeg,1101100101011000101101100011010110010000001111000001101111011001,1101100101011000101101100011010110010000001111000001101111011001,0,True
wm_00079_transformed.jpeg,1000100101101001001101101101011000111000100011100111011000101011,1000100101101001001101101101011000111000100011100111011000101011,0,True
wm_00080_transformed.jpeg,1111011010011001110001100010000110000110101101100110110110010010,1111011010011001110101100010000110000110101100100110110110010010,2,True
wm_00081_transformed.jpeg,1110001101100000010010001111010011110011111100010101110001001100,1110001101100000010010001111010011110011111100010101110001001100,0,True
wm_00082_transformed.jpeg,1001101000011101111110010101011100001001001101100011010100110010,1001101000011101111110010101011100001001001101100011010100110010,0,True
wm_00083_transformed.jpeg,1101111011100001010110000001111000100101000110000011111010011101,1101111011100001010110000001111000100101000110000011111010011101,0,True
wm_00084_transformed.jpeg,1001000101010000110011100010111101101011010001110000110110001111,1001000101010000110011100010111101101011010001110000110110001111,0,True
wm_00085_transformed.jpeg,1011011100100111110000001111101011010010110010011100100100010100,1011011100100111110000001111101011010010110010011100100100010100,0,True
wm_00086_transformed.jpeg,1100111100000110110110001011100111010010101110001110000011010010,1100111100000110110110001011100111010010101110001110000011010010,0,True
wm_00087_transformed.jpeg,1010101100111010100010011000110011101001001001111111010010010100,1010101100111010100010011000110011101001001001111111010010010100,0,True
wm_00088_transformed.jpeg,1110010110001011000100101110111010011001110000110001110110000011,1110010110001011000100101110111010011001110000100001110111000011,2,True
wm_00089_transformed.jpeg,1100001110011100001111000100111111001000001111000110011110000110,1100001111011100001111000100111111001000001111000100011110000110,2,True
wm_00090_transformed.jpeg,1010001100100011000110111001110011011111110100111001000001001100,1010001100100011000110111001110011011111110100111001000001001100,0,True
wm_00091_transformed.jpeg,1110011000101001100110011000000001111010001111100110011111011000,1110011000101001100110011000000001111010001111100110011111011000,0,True
wm_00092_transformed.jpeg,1101101010000111101101101100110010101101011100111001001000000010,1101101010000111101101101100110010101101011100111001001000000010,0,True
wm_00093_transformed.jpeg,1100001100011110110001011010100000111101110000010001111001111001,1100001100011110110001011010100000111101110000010001111001111001,0,True
wm_00094_transformed.jpeg,1111001001001110111100011011000001001000110000111111001011101000,1111001001001110111100011011000001001000110000111111001011101000,0,True
wm_00095_transformed.jpeg,1010101111100011110100001100110010100100000001111001101110010101,1010101111100011110100001100110010100100000001111001101110010101,0,True
wm_00096_transformed.jpeg,1001101110111010001011100110111001001100110000010100110110011000,1001101110111010001011100110111001001100110000010100110110011000,0,True
wm_00097_transformed.jpeg,1111010100011101100010011010111000011110000110110000001111101000,1111010100011101100010011010111000011110000110110000001111101000,0,True
wm_00098_transformed.jpeg,1010000011100001010111110001111010000111011111011001000101101000,1010000011100001010111110001111010000111011111011001000101101000,0,True
wm_00099_transformed.jpeg,1111000011000111010010110110100000101100001101100101111001001101,1111000011000111010010110110100000101100001101100101111001001101,0,True
